Time,Velocity,GForce,Acceleration,Thrust,TWR,Mass,AltitudeFromTerrain,AltitudeFromSea,DownrangeDistance,Latitude,Longitude,Apoapsis,Periapsis,Inclination,OrbitalVelocity,TargetDistance,TargetVelocity,StageDeltaV,VesselDeltaV,Pressure,
1,1,1.22,2.17,374.6,1.22,31.37,92.3,72.39,0,-0.1,-74.56,83,0,0.1,175,0,0,3111,3975,100.09,
2,3,1.22,2.22,374.61,1.22,31.24,94.48,72.39,0,-0.1,-74.56,86,0,0.1,175,0,0,3101,3965,100.06,
3,6,1.23,2.28,374.63,1.23,31.11,99.04,72.39,0,-0.1,-74.56,91,0,0.1,175,0,0,3088,3953,99.99,
4,8,1.23,2.33,374.66,1.23,30.98,105.65,72.39,0,-0.1,-74.56,99,0,0.1,175,0,0,3078,3944,99.89,
5,10,1.24,2.38,374.71,1.24,30.85,114.92,72.39,0,-0.1,-74.56,111,0,0.1,175,0,0,3065,3933,99.75,
6,13,1.24,2.43,374.77,1.24,30.72,126.17,72.39,0,-0.1,-74.56,125,0,0.1,175,0,0,3053,3922,99.59,
7,15,1.25,2.48,374.83,1.25,30.58,140.37,72.39,0,-0.1,-74.56,143,0,0.1,176,0,0,3043,3914,99.38,
8,18,1.25,2.54,374.92,1.25,30.45,156.45,72.39,0,-0.1,-74.56,163,0,0.1,176,0,0,3030,3905,99.14,
9,20,1.26,2.59,375.02,1.26,30.32,175.8,72.39,0,-0.1,-74.56,187,0,0.1,176,0,0,3018,3896,98.86,
10,23,1.26,2.65,375.12,1.27,30.19,197.39,72.39,0,-0.1,-74.56,215,0,0.1,176,0,0,3008,3889,98.54,
11,26,1.27,2.7,375.24,1.27,30.06,221.64,72.39,0,-0.1,-74.56,246,0,0.1,177,0,0,2996,3881,98.19,
12,28,1.28,2.76,375.39,1.28,29.93,248.04,72.39,0,-0.1,-74.56,280,0,0.1,177,0,0,2984,3873,97.8,
13,31,1.28,2.81,375.52,1.28,29.79,278.34,72.39,0,-0.1,-74.56,319,0,0.1,178,0,0,2974,3868,97.36,
14,34,1.29,2.87,375.68,1.29,29.66,310.22,72.39,0,-0.1,-74.56,360,0,0.1,178,0,0,2962,3861,96.9,
15,37,1.29,2.93,375.87,1.3,29.53,346.34,72.39,0,-0.1,-74.56,407,0,0.1,179,0,0,2949,3855,96.38,
16,40,1.3,2.98,376.03,1.3,29.4,384.73,72.39,0,-0.1,-74.56,457,0,0.1,179,0,0,2940,3851,95.83,
17,43,1.3,3.04,376.24,1.31,29.27,426.1,72.39,0,-0.1,-74.56,511,0,0.1,180,0,0,2928,3846,95.23,
18,46,1.31,3.1,376.46,1.32,29.14,469.61,72.39,0,-0.1,-74.56,568,0,0.1,181,0,0,2916,3842,94.62,
19,49,1.32,3.16,376.7,1.32,29,519.06,72.39,0,-0.1,-74.56,634,0,0.1,182,0,0,2903,3838,93.92,
20,52,1.32,3.22,376.9,1.33,28.88,567.74,72.39,0,-0.1,-74.56,698,0,0.1,182,0,0,2894,3835,93.23,
21,56,1.33,3.28,377.16,1.34,28.74,622.73,72.39,0,-0.1,-74.56,772,0,0.1,183,0,0,2882,3832,92.46,
22,59,1.33,3.33,377.38,1.34,28.61,679.96,72.39,0,-0.1,-74.56,849,0,0.1,184,0,0,2872,3831,91.67,
23,62,1.34,3.39,377.66,1.35,28.48,740.53,72.39,0,-0.1,-74.56,930,0,0.1,186,0,0,2860,3829,90.83,
24,66,1.34,3.45,377.96,1.36,28.35,803.2,72.39,0,-0.1,-74.56,1015,0,0.1,187,0,0,2848,3827,89.98,
25,69,1.35,3.51,378.21,1.37,28.21,871.96,72.39,0,-0.1,-74.56,1109,0,0.1,188,0,0,2839,3827,89.05,
26,73,1.36,3.57,378.52,1.37,28.09,941.48,72.39,0,-0.1,-74.56,1204,0,0.1,189,0,0,2827,3826,88.11,
27,76,1.36,3.64,378.85,1.38,27.95,1019.02,72.39,0.01,-0.1,-74.56,1310,0,0.1,191,0,0,2815,3826,87.08,
28,80,1.37,3.69,379.12,1.39,27.82,1094.1,72.39,0.01,-0.1,-74.56,1414,0,0.1,192,0,0,2805,3827,86.09,
29,84,1.37,3.76,379.46,1.4,27.69,1177.61,72.39,0.01,-0.1,-74.56,1529,0,0.1,194,0,0,2793,3828,84.99,
30,87,1.38,3.82,379.81,1.4,27.56,1261.54,72.39,0.01,-0.1,-74.56,1646,0,0.1,195,0,0,2781,3829,83.91,
31,91,1.39,3.88,380.18,1.41,27.42,1354.63,72.39,0.01,-0.1,-74.56,1776,0,0.1,197,0,0,2768,3831,82.72,
32,95,1.39,3.94,380.47,1.42,27.3,1444.3,72.39,0.01,-0.1,-74.56,1902,0,0.1,199,0,0,2759,3833,81.58,
33,99,1.4,4,380.84,1.43,27.16,1543.55,72.38,0.01,-0.1,-74.56,2043,0,0.1,201,0,0,2747,3835,80.34,
34,103,1.4,4.01,381.16,1.44,27.03,1642.83,72.38,0.01,-0.1,-74.56,2183,0,0.1,203,0,0,2737,3838,79.11,
35,107,1.4,4.05,381.54,1.44,26.9,1750.23,72.38,0.01,-0.1,-74.56,2335,0,0.1,205,0,0,2724,3841,77.8,
36,111,1.4,4.12,381.92,1.45,26.77,1857.33,72.38,0.01,-0.1,-74.56,2486,0,0.1,208,0,0,2712,3844,76.52,
37,115,1.4,4.2,382.33,1.46,26.63,1975.2,72.39,0.01,-0.1,-74.56,2654,0,0.1,212,0,0,2699,3848,75.12,
38,119,1.41,4.28,382.64,1.47,26.51,2087.88,72.39,0.01,-0.1,-74.56,2814,0,0.1,215,0,0,2689,3852,73.8,
39,124,1.41,4.38,383.04,1.48,26.37,2211.71,72.39,0,-0.1,-74.56,2990,0,0.11,218,0,0,2677,3856,72.38,
40,128,1.42,4.47,383.37,1.49,26.24,2334.7,72.39,0,-0.1,-74.56,3166,0,0.11,222,0,0,2666,3860,70.98,
41,132,1.43,4.57,383.77,1.5,26.11,2466.95,72.4,0.01,-0.1,-74.56,3356,0,0.11,226,0,0,2653,3865,69.51,
42,136,1.43,4.67,384.17,1.51,25.98,2598.11,67.64,0.02,-0.1,-74.56,3545,0,0.11,230,0,0,2641,3869,68.07,
43,141,1.44,4.79,384.5,1.51,25.85,2738.92,67.63,0.03,-0.1,-74.55,3749,0,0.11,234,0,0,2630,3874,66.56,
44,145,1.44,4.9,384.9,1.52,25.72,2878.38,67.64,0.04,-0.1,-74.55,3951,0,0.11,239,0,0,2617,3879,65.08,
45,150,1.45,5.02,385.3,1.53,25.58,3027.91,67.64,0.06,-0.1,-74.55,4168,0,0.12,243,0,0,2604,3884,63.53,
46,154,1.45,5.15,385.63,1.54,25.45,3178.86,67.66,0.08,-0.1,-74.55,4388,0,0.12,248,0,0,2592,3888,61.99,
47,159,1.46,5.28,386.03,1.55,25.32,3334.15,67.7,0.1,-0.1,-74.55,4614,0,0.12,253,0,0,2579,3894,60.45,
48,164,1.47,5.42,386.43,1.56,25.19,3490.57,67.7,0.12,-0.1,-74.55,4843,0,0.12,258,0,0,2566,3899,58.92,
49,169,1.47,5.57,386.76,1.57,25.06,3657.86,67.74,0.15,-0.1,-74.54,5088,0,0.13,264,0,0,2554,3903,57.32,
50,174,1.48,5.71,387.16,1.58,24.93,3822.89,64.76,0.18,-0.1,-74.54,5331,0,0.13,269,0,0,2540,3909,55.78,
51,179,1.49,5.87,387.55,1.59,24.79,3999.17,64.63,0.21,-0.1,-74.54,5590,0,0.13,275,0,0,2526,3914,54.17,
52,184,1.49,6.03,387.87,1.6,24.66,4172.87,64.24,0.25,-0.1,-74.53,5846,0,0.13,281,0,0,2515,3918,52.62,
53,189,1.5,6.21,388.26,1.61,24.53,4358.17,63.78,0.29,-0.1,-74.53,6119,0,0.14,287,0,0,2501,3923,51,
54,195,1.51,6.38,388.64,1.62,24.4,4544.32,63.28,0.34,-0.1,-74.53,6393,0,0.14,293,0,0,2486,3928,49.42,
55,200,1.51,6.56,389.03,1.63,24.27,4734.9,63.19,0.39,-0.1,-74.52,6674,0,0.14,300,0,0,2471,3932,47.85,
56,205,1.52,6.74,389.33,1.64,24.14,4925.94,63.44,0.44,-0.1,-74.52,6956,0,0.14,306,0,0,2459,3936,46.31,
57,211,1.53,6.94,389.71,1.65,24,5129.28,63.2,0.5,-0.1,-74.51,7256,0,0.14,313,0,0,2445,3940,44.71,
58,217,1.53,7.13,390.01,1.66,23.88,5328.93,61.64,0.57,-0.1,-74.5,7551,0,0.15,320,0,0,2432,3943,43.19,
59,223,1.54,7.34,390.38,1.67,23.74,5541.18,60.6,0.64,-0.1,-74.5,7863,0,0.15,328,0,0,2417,3947,41.62,
60,229,1.55,7.54,390.74,1.69,23.61,5749.35,61,0.72,-0.1,-74.49,8169,0,0.15,335,0,0,2402,3950,40.13,
61,236,1.56,7.76,391.1,1.7,23.48,5970.4,60.08,0.8,-0.1,-74.48,8494,0,0.15,343,0,0,2386,3953,38.59,
62,242,1.56,7.97,391.38,1.71,23.35,6186.94,58.21,0.89,-0.1,-74.47,8811,0,0.15,350,0,0,2374,3955,37.13,
63,249,1.57,8.2,391.73,1.72,23.21,6416.6,56.28,0.99,-0.1,-74.46,9147,0,0.15,359,0,0,2358,3957,35.63,
64,255,1.58,8.42,392.01,1.73,23.09,6641.33,54.52,1.09,-0.1,-74.45,9475,0,0.16,367,0,0,2345,3958,34.21,
65,262,1.59,8.65,392.34,1.74,22.95,6884.12,48.18,1.2,-0.1,-74.44,9828,0,0.16,375,0,0,2329,3960,32.72,
66,269,1.59,8.87,392.67,1.75,22.82,7116.89,41.5,1.32,-0.1,-74.43,10165,0,0.16,384,0,0,2312,3961,31.35,
67,277,1.6,9.09,393,1.77,22.69,7363.21,31.24,1.45,-0.1,-74.42,10521,0,0.16,393,0,0,2296,3961,29.95,
68,284,1.6,9.24,393.25,1.78,22.56,7598.71,17.08,1.58,-0.1,-74.41,10857,0,0.16,401,0,0,2282,3961,28.66,
69,291,1.59,9.38,393.56,1.79,22.43,7852.65,-0.99,1.72,-0.1,-74.39,11216,0,0.16,411,0,0,2265,3960,27.32,
70,298,1.59,9.52,393.81,1.8,22.3,8100.05,-23.84,1.87,-0.1,-74.38,11560,0,0.16,419,0,0,2251,3959,26.06,
71,306,1.59,9.7,394.11,1.81,22.16,8366.04,-62.42,2.03,-0.1,-74.36,11925,0,0.15,429,0,0,2234,3957,24.76,
72,313,1.59,9.88,394.4,1.82,22.03,8614.55,-116.47,2.19,-0.1,-74.35,12262,0,0.15,438,0,0,2217,3954,23.6,
73,321,1.59,10.09,394.68,1.84,21.9,8881.54,-226.82,2.37,-0.1,-74.33,12619,0,0.15,447,0,0,2199,3951,22.39,
74,329,1.61,10.33,394.9,1.85,21.77,9140.84,-331.69,2.56,-0.1,-74.31,12966,0,0.15,457,0,0,2185,3948,21.28,
75,338,1.63,10.61,395.17,1.86,21.63,9419.03,-404.41,2.76,-0.1,-74.29,13342,0,0.14,467,0,0,2167,3943,20.15,
76,346,1.66,10.88,395.38,1.87,21.51,9678.71,-463.4,2.96,-0.1,-74.28,13698,0,0.14,477,0,0,2152,3939,19.15,
77,355,1.69,11.18,395.62,1.89,21.37,9957.8,-539.56,3.18,-0.1,-74.25,14086,0,0.14,488,0,0,2134,3933,18.13,
78,365,1.72,11.48,395.85,1.9,21.24,10229.19,-589.87,3.4,-0.1,-74.23,14469,0,0.14,498,0,0,2115,3926,17.19,
79,375,1.75,11.81,396.08,1.91,21.11,10515.2,-621.7,3.64,-0.1,-74.21,14878,0,0.14,510,0,0,2097,3918,16.25,
80,385,1.77,12.12,396.26,1.92,20.98,10793.55,-667.02,3.89,-0.1,-74.19,15282,0,0.13,521,0,0,2081,3912,15.38,
81,396,1.8,12.42,396.46,1.94,20.85,11087.11,-697.52,4.15,-0.1,-74.16,15713,0,0.13,533,0,0,2062,3903,14.52,
82,406,1.8,12.53,396.63,1.95,20.72,11372.9,-714.97,4.41,-0.1,-74.14,16134,0,0.13,545,0,0,2046,3895,13.73,
83,417,1.81,12.65,396.82,1.96,20.58,11674.21,-737.97,4.7,-0.1,-74.11,16577,0,0.13,557,0,0,2027,3885,12.94,
84,428,1.81,12.78,397.01,1.98,20.45,11967.39,-744.65,4.99,-0.1,-74.08,17008,0,0.13,569,0,0,2007,3875,12.22,
85,440,1.82,12.93,397.18,1.99,20.32,12276.33,-757.03,5.3,-0.1,-74.05,17463,0,0.13,582,0,0,1987,3863,11.5,
86,451,1.83,13.1,397.32,2,20.19,12576.81,-750.2,5.61,-0.1,-74.02,17907,0,0.12,594,0,0,1971,3854,10.84,
87,463,1.85,13.28,397.48,2.02,20.06,12893.37,-728.36,5.95,-0.1,-73.99,18377,0,0.12,607,0,0,1951,3842,10.19,
88,475,1.86,13.48,397.61,2.03,19.93,13201.2,-724,6.28,-0.1,-73.96,18837,0,0.12,620,0,0,1934,3831,9.59,
89,487,1.88,13.7,397.76,2.05,19.79,13525.46,-856.58,6.64,-0.1,-73.92,19323,0,0.12,633,0,0,1914,3817,9,
90,499,1.9,13.92,397.9,2.06,19.67,13840.75,-888.87,7,-0.1,-73.89,19800,0,0.12,646,0,0,1893,3804,8.46,
91,512,1.92,14.16,398.04,2.08,19.53,14172.86,-877.49,7.38,-0.1,-73.85,20305,0,0.12,660,0,0,1872,3789,7.93,
92,525,1.93,14.4,398.14,2.09,19.4,14495.78,-886.26,7.77,-0.1,-73.82,20800,0,0.12,674,0,0,1855,3777,7.44,
93,539,1.95,14.66,398.26,2.11,19.27,14835.92,-871.89,8.18,-0.1,-73.78,21325,0,0.12,688,0,0,1833,3761,6.96,
94,552,1.97,14.9,398.36,2.12,19.14,15166.64,-868.3,8.59,-0.1,-73.74,21839,0,0.12,702,0,0,1816,3748,6.52,
95,566,1.99,15.15,398.47,2.14,19,15514.99,-873.64,9.03,-0.1,-73.7,22385,0,0.12,717,0,0,1794,3731,6.09,
96,580,2.01,15.39,398.57,2.15,18.88,15853.67,-862.98,9.47,-0.1,-73.65,22919,0,0.11,731,0,0,1772,3714,5.7,
97,594,2.03,15.64,398.67,2.17,18.74,16210.37,-842.44,9.94,-0.1,-73.61,23486,0,0.11,747,0,0,1750,3696,5.32,
98,609,2.05,15.87,398.75,2.18,18.61,16557.12,-834.98,10.4,-0.1,-73.56,24040,0,0.11,762,0,0,1732,3682,4.97,
99,624,2.07,16.12,398.83,2.2,18.48,16922.26,-852.21,10.9,-0.1,-73.52,24628,0,0.11,778,0,0,1709,3664,4.63,
100,639,2.09,16.37,398.91,2.22,18.35,17277.15,-865,11.39,-0.1,-73.47,25203,0,0.11,793,0,0,1687,3645,4.32,
101,654,2.11,16.63,398.99,2.23,18.22,17650.8,-871.27,11.92,-0.1,-73.42,25813,0,0.11,809,0,0,1665,3627,4.01,
102,669,2.13,16.88,399.05,2.25,18.09,18013.9,-881.64,12.44,-0.1,-73.37,26410,0,0.11,825,0,0,1647,3612,3.74,
103,686,2.15,17.15,399.12,2.26,17.95,18396.13,-882.81,13,-0.1,-73.32,27043,0,0.11,842,0,0,1625,3592,3.47,
104,701,2.17,17.41,399.18,2.28,17.82,18767.52,-888.95,13.55,-0.1,-73.26,27664,0,0.11,859,0,0,1602,3572,3.23,
105,718,2.19,17.69,399.24,2.3,17.69,19158.39,-889.74,14.14,-0.1,-73.21,28322,0,0.11,876,0,0,1579,3552,3,
106,735,2.21,17.96,399.29,2.32,17.56,19538.12,-899.94,14.73,-0.1,-73.15,28967,0,0.11,893,0,0,1556,3532,2.79,
107,752,2.23,18.24,399.35,2.34,17.43,19937.71,-926.33,15.35,-0.1,-73.09,29652,0,0.11,911,0,0,1533,3511,2.58,
108,769,2.25,18.51,399.39,2.35,17.3,20325.84,-921.22,15.97,-0.1,-73.03,30324,0,0.11,928,0,0,1509,3490,2.4,
109,787,2.28,18.8,399.44,2.37,17.16,20734.21,-949.98,16.62,-0.1,-72.97,31037,0,0.11,947,0,0,1486,3468,2.22,
110,804,2.3,19.08,399.47,2.39,17.03,21130.8,-936.22,17.27,-0.1,-72.91,31737,0,0.11,965,0,0,1466,3450,2.06,
111,823,2.32,19.37,399.51,2.41,16.9,21548,-935.51,17.97,-0.1,-72.84,32481,0,0.11,984,0,0,1443,3428,1.9,
112,841,2.34,19.66,399.55,2.43,16.77,21953.1,-943.88,18.65,-0.1,-72.78,33211,0,0.11,1002,0,0,1418,3405,1.76,
113,860,2.37,19.96,399.59,2.45,16.64,22379.19,-957.42,19.38,-0.1,-72.71,33989,0,0.11,1022,0,0,1394,3383,1.62,
114,878,2.39,20.25,399.62,2.47,16.51,22792.86,-944.4,20.09,-0.1,-72.64,34752,0,0.11,1041,0,0,1369,3359,1.5,
115,898,2.42,20.55,399.65,2.49,16.37,23227.9,-949.03,20.86,-0.1,-72.57,35566,0,0.11,1061,0,0,1344,3336,1.38,
116,917,2.44,20.85,399.67,2.5,16.24,23650.19,-955.21,21.61,-0.1,-72.49,36366,0,0.11,1081,0,0,1324,3317,1.28,
117,937,2.46,21.15,399.7,2.53,16.11,24094.23,-952.29,22.42,-0.1,-72.42,37219,0,0.11,1101,0,0,1299,3293,1.17,
118,957,2.49,21.45,399.72,2.55,15.98,24525.2,-938.14,23.21,-0.1,-72.34,38059,0,0.11,1122,0,0,1273,3268,1.08,
119,978,2.51,21.76,399.74,2.57,15.85,24978.29,-941.3,24.05,-0.1,-72.26,38955,0,0.11,1143,0,0,1247,3243,1,
120,998,2.54,22.06,399.77,2.59,15.72,25417.98,-957.19,24.88,-0.1,-72.18,39840,0,0.11,1164,0,0,1221,3218,0.92,
121,1020,2.57,22.38,399.78,2.61,15.58,25880.19,-969.74,25.76,-0.1,-72.1,40785,0,0.11,1186,0,0,1195,3193,0.84,
122,1041,2.59,22.68,399.8,2.64,15.45,26328.66,-980.83,26.62,-0.1,-72.02,41718,0,0.11,1207,0,0,1169,3167,0.78,
123,1063,2.62,23,399.82,2.66,15.32,26800.02,-958.89,27.55,-0.1,-71.93,42717,0,0.1,1230,0,0,1142,3142,0.71,
124,1084,2.64,23.31,399.83,2.68,15.19,27257.33,-948.51,28.45,-0.1,-71.84,43706,0,0.1,1252,0,0,1120,3120,0.66,
125,1107,2.67,23.64,399.84,2.7,15.06,27737.91,-935.95,29.42,-0.1,-71.75,44767,0,0.1,1275,0,0,1093,3094,0.6,
126,1129,2.7,23.95,399.86,2.73,14.93,28204.1,-936.85,30.37,-0.1,-71.66,45819,0,0.1,1297,0,0,1066,3067,0.55,
127,1152,2.72,24.25,399.87,2.75,14.79,28693.96,-961.71,31.37,-0.1,-71.56,46948,0,0.1,1321,0,0,1038,3040,0.51,
128,1175,2.74,24.54,399.88,2.78,14.67,29169.06,-960.01,32.36,-0.1,-71.47,48069,0,0.1,1344,0,0,1010,3012,0.47,
129,1199,2.77,24.85,399.89,2.8,14.53,29668.2,-955.17,33.42,-0.1,-71.37,49275,0,0.1,1368,0,0,982,2985,0.43,
130,1222,2.8,25.16,399.9,2.83,14.4,30152.23,-982,34.45,-0.1,-71.27,50476,0,0.1,1392,0,0,960,2963,0.39,
131,1247,2.82,25.48,399.91,2.85,14.27,30660.66,-1030.16,35.54,-0.1,-71.16,51772,0,0.1,1417,0,0,931,2934,0.36,
132,1271,2.85,25.79,399.92,2.88,14.14,31153.62,-1066.26,36.62,-0.1,-71.06,53066,0,0.1,1441,0,0,902,2906,0.33,
133,1296,2.88,26.12,399.92,2.91,14,31671.36,-1032.47,37.76,-0.1,-70.95,54467,0,0.1,1467,0,0,872,2877,0.3,
134,1320,2.9,26.45,399.93,2.94,13.88,32173.26,-1043.46,38.88,-0.1,-70.84,55870,0,0.1,1492,0,0,843,2848,0.28,
135,1346,2.93,26.79,399.93,2.97,13.74,32700.32,-1010.68,40.07,-0.1,-70.73,57395,0,0.1,1518,0,0,813,2818,0.26,
136,1371,2.96,27.12,399.94,2.99,13.61,33211.18,-980.15,41.24,-0.1,-70.62,58930,0,0.1,1543,0,0,783,2788,0.23,
137,1397,2.99,27.47,399.95,3.02,13.48,33747.57,-963.18,42.47,-0.1,-70.5,60605,0,0.1,1570,11841340,1693.72,753,2758,0.22,
138,1423,3.02,27.82,399.95,3.05,13.35,34267.41,-971.03,43.69,-0.1,-70.39,62298,0,0.1,1596,11839826,1715.85,728,2734,0.2,
139,1450,3.05,28.18,399.95,3.08,13.22,34813.16,-977.11,44.97,-0.1,-70.26,64156,0,0.1,1623,11838222,1739.23,698,2703,0.18,
140,1476,3.08,28.54,399.96,3.11,13.09,35342.01,-975.22,46.23,-0.1,-70.14,66045,0,0.1,1650,11836653,1762.03,666,2672,0.17,
141,1504,3.11,28.92,399.96,3.15,12.95,35897.15,-963.25,47.57,-0.1,-70.02,68130,0,0.1,1678,11834992,1786.1,635,2641,0.15,
142,1531,3.15,29.29,399.96,3.18,12.82,36435.04,-968.65,48.88,-0.1,-69.89,70263,0,0.1,1706,11833368,1809.57,602,2608,0.14,
143,1560,3.18,29.68,399.97,3.21,12.69,36999.61,-973.75,50.26,-0.1,-69.76,72634,0,0.1,1734,11831649,1834.36,570,2577,0.13,
144,1587,3.21,30.06,399.97,3.24,12.56,37546.58,-972.95,51.62,-0.1,-69.63,75079,0,0.1,1762,11829968,1858.53,544,2551,0.12,
145,1617,3.25,30.46,399.97,3.28,12.43,38120.62,-931.51,53.06,-0.1,-69.49,77819,0,0.1,1792,11828189,1884.05,511,2518,0.11,
146,1645,3.28,30.85,399.98,3.31,12.3,38676.71,-905.91,54.47,-0.1,-69.36,80668,0,0.1,1821,11826451,1908.93,478,2485,0.1,
147,1675,3.32,31.27,399.98,3.35,12.16,39260.27,-916.96,55.96,-0.1,-69.21,83893,0,0.1,1851,11824610,1935.21,444,2451,0.09,
148,1704,3.36,31.68,399.98,3.39,12.03,39825.54,-952.82,57.42,-0.1,-69.07,87280,0,0.1,1881,11822812,1960.83,411,2417,0.08,
149,1735,3.4,32.11,399.98,3.42,11.9,40418.67,-950.69,58.97,-0.1,-68.93,91157,0,0.1,1912,11820909,1987.88,376,2383,0.07,
150,1765,3.43,32.53,399.98,3.46,11.77,40993.16,-990.16,60.48,-0.1,-68.78,95278,0,0.1,1942,11819050,2014.25,341,2348,0.07,
151,1784,1.45,14.14,147.35,1.29,11.68,41595.17,-992.46,62.08,-0.1,-68.63,98314,0,0.1,1962,11817088,2030.48,319,2326,0.06,
152,1788,0.54,8.21,59.94,0.52,11.66,42173.8,-1013.97,63.63,-0.1,-68.48,99376,0,0.1,1966,11815192,2032.74,312,2319,0.06,
153,1788,0.18,7.57,20.3,0.18,11.65,42774.15,-1070.16,65.23,-0.1,-68.33,99779,0,0.1,1966,11813216,2030.53,309,2316,0.05,
154,1787,0.14,7.67,20,0.18,11.64,43349.17,-1053.14,66.78,-0.1,-68.18,100006,0,0.1,1965,11811316,2027.43,307,2314,0.05,
155,1784,0.02,8.1,399.99,3.5,11.64,43966.48,-1058.44,68.45,-0.1,-68.02,100008,0,0.1,1962,11809267,2022.59,307,2314,0.04,
156,1781,0,7.96,399.99,3.5,11.64,44546.38,-1066,70.02,-0.1,-67.87,100008,0,0.1,1960,11807335,2018.01,307,2314,0.04,
157,1780,0.17,7.58,399.99,3.5,11.63,45123.32,-1050.75,71.58,-0.1,-67.72,100204,0,0.1,1959,11805405,2014.71,306,2313,0.04,
158,1777,0.01,7.96,399.99,3.5,11.63,45697.57,-1042.48,73.15,-0.1,-67.57,100192,0,0.1,1956,11803475,2010.08,306,2313,0.03,
159,1774,0.01,7.94,399.99,3.5,11.63,46268.74,-1037.93,74.71,-0.1,-67.42,100181,0,0.1,1954,11801549,2005.46,306,2313,0.03,
160,1771,0.01,7.92,399.99,3.5,11.63,46836.84,-1032.03,76.27,-0.1,-67.27,100169,0,0.1,1951,11799625,2000.84,306,2313,0.03,
161,1769,0.01,7.9,399.99,3.5,11.63,47401.87,-1001.82,77.82,-0.1,-67.13,100157,0,0.1,1948,11797703,1996.24,306,2313,0.02,
162,1766,0.01,7.88,399.99,3.5,11.63,47963.84,-1013.29,79.37,-0.1,-66.98,100147,0,0.1,1946,11795784,1991.64,306,2313,0.02,
163,1763,0.01,7.86,399.99,3.5,11.63,48522.74,-1014.75,80.92,-0.1,-66.83,100137,0,0.1,1943,11793867,1987.06,306,2313,0.02,
164,1760,0.01,7.84,400,3.5,11.63,49078.58,-961.87,82.47,-0.1,-66.68,100129,0,0.1,1941,11791953,1982.48,306,2313,0.02,
165,1758,0.01,7.82,400,3.5,11.63,49631.37,-1007.69,84.01,-0.1,-66.54,100122,0,0.1,1938,11790042,1977.93,306,2313,0.02,
166,1755,0.01,7.8,400,3.5,11.63,50181.1,-1023.99,85.55,-0.1,-66.39,100115,0,0.1,1936,11788133,1973.39,306,2313,0.02,
167,1752,0.01,7.79,400,3.5,11.63,50727.79,-1015.83,87.09,-0.1,-66.24,100110,0,0.1,1933,11786227,1968.87,306,2313,0.01,
168,1750,0.01,7.77,400,3.5,11.63,51271.43,-1018.48,88.62,-0.1,-66.09,100105,0,0.1,1931,11784323,1964.36,306,2313,0.01,
169,1747,0.01,7.88,400,3.51,11.63,51811.96,-1034.43,90.15,-0.1,-65.95,100088,0,0.1,1929,11782422,1959.87,306,2313,0.01,
170,1744,0.01,7.8,400,3.51,11.63,52349.15,-1063.78,91.68,-0.1,-65.8,100072,0,0.1,1926,11780524,1955.39,304,2312,0.01,
171,1742,0.01,7.75,400,3.51,11.62,52883.24,-1051.96,93.21,-0.1,-65.66,100067,0,0.1,1924,11778628,1950.95,303,2311,0.01,
172,1739,0,7.75,400,3.51,11.62,53414.27,-1044.87,94.73,-0.1,-65.51,100062,0,0.1,1922,11776735,1946.52,302,2310,0.01,
173,1737,0,7.74,400,3.51,11.62,53942.23,-1057.05,96.25,-0.1,-65.37,100057,0,0.1,1919,11774845,1942.12,301,2309,0.01,
174,1734,0,7.72,400,3.51,11.61,54467.14,-1046.77,97.77,-0.1,-65.22,100053,0,0.1,1917,11772957,1937.73,300,2308,0.01,
175,1732,0,7.71,400,3.51,11.61,54988.98,-1060.79,99.28,-0.1,-65.08,100050,0,0.1,1915,11771072,1933.36,299,2307,0.01,
176,1729,0,7.7,400,3.51,11.6,55507.76,-1032.52,100.79,-0.1,-64.93,100046,0,0.1,1912,11769190,1929.01,298,2305,0.01,
177,1727,0,7.69,400,3.51,11.6,56023.48,-1011.9,102.3,-0.1,-64.79,100041,0,0.1,1910,11767310,1924.65,297,2304,0.01,
178,1724,0,7.68,400,3.52,11.6,56556.58,-1008.1,103.87,-0.1,-64.64,100034,0,0.1,1908,11765358,1920.14,296,2303,0,
179,1722,0,7.68,400,3.52,11.59,57045.72,-997.31,105.31,-0.1,-64.5,100028,0,0.1,1906,11763559,1915.97,295,2302,0,
180,1719,0,7.67,400,3.52,11.59,57552.25,-1041.2,106.81,-0.1,-64.36,100020,0,0.1,1903,11761688,1911.65,293,2301,0,
181,1717,0.01,7.66,400,3.52,11.58,58055.7,-1127.44,108.31,-0.1,-64.21,100011,0,0.1,1901,11759820,1907.33,293,2300,0,
182,1715,0.01,7.65,400,3.52,11.58,58556.08,-1149.44,109.81,-0.1,-64.07,100002,0,0.1,1899,11757954,1903.03,291,2299,0,
183,1713,0.17,7.93,400,3.52,11.57,59053.46,-1167.94,111.3,-0.1,-63.93,100071,0,0.1,1898,11756090,1899.83,289,2297,0,
184,1711,0,7.62,400,3.53,11.57,59547.8,-1167.1,112.79,-0.1,-63.79,100063,0,0.1,1896,11754229,1895.56,288,2295,0,
185,1709,0,7.61,400,3.53,11.56,60039.09,-1170.15,114.28,-0.1,-63.64,100055,0,0.1,1894,11752371,1891.3,287,2294,0,
186,1706,0,7.59,400,3.53,11.56,60527.32,-1139.69,115.77,-0.1,-63.5,100049,0,0.1,1892,11750515,1887.06,286,2293,0,
187,1704,0,7.58,400,3.53,11.55,61012.5,-1134.39,117.25,-0.1,-63.36,100043,0,0.1,1890,11748662,1882.83,285,2292,0,
188,1702,0,7.57,400,3.53,11.55,61494.63,-1130,118.74,-0.1,-63.22,100037,0,0.1,1888,11746813,1878.62,283,2291,0,
189,1699,0,7.55,400,3.53,11.54,61973.71,-1104.29,120.21,-0.1,-63.08,100033,0,0.1,1885,11744966,1874.43,282,2290,0,
190,1697,0,7.54,400,3.53,11.54,62449.75,-1087.77,121.69,-0.1,-62.94,100028,0,0.1,1883,11743122,1870.25,281,2289,0,
191,1695,0,7.52,400,3.53,11.54,62922.74,-1102.42,123.17,-0.1,-62.8,100025,0,0.1,1881,11741281,1866.08,280,2288,0,
192,1693,0,7.51,400,3.54,11.53,63411.42,-1147.46,124.7,-0.1,-62.65,100021,0,0.1,1879,11739369,1861.77,279,2287,0,
193,1691,0,7.5,400,3.54,11.53,63859.6,-1152.29,126.11,-0.1,-62.52,100019,0,0.1,1877,11737607,1857.8,278,2286,0,
194,1688,0,7.49,400,3.54,11.52,64323.47,-1143.98,127.58,-0.1,-62.37,100016,0,0.1,1875,11735775,1853.68,277,2284,0,
195,1686,0,7.48,400,3.54,11.52,64784.31,-1154.56,129.04,-0.1,-62.24,100014,0,0.1,1873,11733946,1849.58,276,2284,0,
196,1684,0,7.46,400,3.54,11.52,65242.11,-1164.56,130.5,-0.1,-62.1,100012,0,0.1,1871,11732120,1845.49,275,2282,0,
197,1682,0,7.45,400,3.54,11.51,65696.88,-1141.93,131.97,-0.1,-61.96,100011,0,0.1,1869,11730297,1841.41,274,2281,0,
198,1680,0,7.44,400,3.54,11.51,66148.62,-1127.45,133.42,-0.1,-61.82,100009,0,0.1,1868,11728477,1837.35,273,2280,0,
199,1678,0,7.43,400,3.54,11.5,66597.32,-1109.15,134.88,-0.1,-61.68,100008,0,0.1,1866,11726660,1833.3,272,2279,0,
200,1675,0,7.42,400,3.55,11.5,67043,-1124.13,136.33,-0.1,-61.54,100008,0,0.1,1864,11724846,1829.27,270,2278,0,
201,1673,0,7.41,400,3.55,11.5,67485.65,-1192.59,137.79,-0.1,-61.4,100007,0,0.1,1862,11723035,1825.25,269,2277,0,
202,1671,0,7.4,400,3.55,11.49,67925.27,-1186.68,139.24,-0.1,-61.26,100006,0,0.1,1860,11721227,1821.24,268,2276,0,
203,1669,0,7.39,400,3.55,11.49,68361.87,-1168.62,140.68,-0.1,-61.12,100006,0,0.1,1858,11719422,1817.25,267,2275,0,
204,1667,0,7.38,400,3.55,11.48,68795.44,-1154.74,142.13,-0.1,-60.99,100006,0,0.1,1856,11717621,1813.27,266,2274,0,
205,1665,0,7.37,400,3.55,11.48,69225.99,-1152.97,143.57,-0.1,-60.85,100005,0,0.1,1854,11715822,1809.3,265,2273,0,
206,1663,0,7.35,400,3.55,11.47,69653.52,-1143.24,145.02,-0.1,-60.71,100005,0,0.1,1853,11714027,1805.35,264,2271,0,
207,1661,0,7.35,400,3.55,11.47,70078.04,-1154.65,146.45,-0.1,-60.57,100005,0,0.1,1851,11712235,1801.41,263,2270,0,
208,1659,0,7.32,400,3.56,11.47,70479.52,-1141.51,147.82,-0.1,-60.44,99992,0,0.1,1849,11710531,1797.62,262,2269,0,
209,1657,0,7.32,400,3.56,11.46,70907.14,-1154.95,149.29,-0.1,-60.3,99991,0,0.1,1847,11708707,1793.61,261,2268,0,
210,1655,0,7.31,400,3.56,11.46,71314.4,-1131.01,150.69,-0.1,-60.17,99991,0,0.1,1845,11706959,1789.79,260,2267,0,
211,1653,0,7.31,400,3.56,11.45,71726.99,-1134.31,152.13,-0.1,-60.03,99991,0,0.1,1844,11705180,1785.89,258,2266,0,
212,1651,0,7.3,400,3.56,11.45,72136.58,-1076.3,153.56,-0.1,-59.89,99991,0,0.1,1842,11703404,1782.01,257,2265,0,
213,1650,0,7.29,400,3.56,11.45,72543.15,-1071.25,154.98,-0.1,-59.76,99991,0,0.1,1840,11701631,1778.15,256,2264,0,
214,1648,0,7.28,400,3.56,11.44,72946.7,-1052.87,156.41,-0.1,-59.62,99991,0,0.1,1839,11699861,1774.29,255,2263,0,
215,1646,0,7.27,400,3.56,11.44,73347.24,-1012.34,157.83,-0.1,-59.49,99991,0,0.1,1837,11698094,1770.45,254,2262,0,
216,1644,0,7.26,400,3.57,11.43,73744.75,-1063.35,159.25,-0.1,-59.35,99991,0,0.1,1835,11696331,1766.62,253,2261,0,
217,1642,0,7.25,400,3.57,11.43,74139.26,-1073.03,160.67,-0.1,-59.21,99991,0,0.1,1834,11694571,1762.8,252,2259,0,
218,1640,0,7.24,400,3.57,11.42,74530.76,-1081.11,162.09,-0.1,-59.08,99991,0,0.1,1832,11692814,1758.99,251,2258,0,
219,1638,0,7.23,400,3.57,11.42,74919.24,-1073.27,163.51,-0.1,-58.94,99991,0,0.1,1830,11691061,1755.2,250,2257,0,
220,1637,0,7.23,400,3.57,11.42,75304.7,-1093.32,164.92,-0.1,-58.81,99991,0,0.1,1829,11689312,1751.42,248,2256,0,
221,1635,0,7.22,400,3.57,11.41,75687.16,-1082.38,166.34,-0.1,-58.67,99991,0,0.1,1827,11687565,1747.65,247,2255,0,
222,1633,0,7.21,400,3.57,11.41,76066.61,-1057.39,167.75,-0.1,-58.54,99991,0,0.1,1825,11685822,1743.9,246,2254,0,
223,1631,0.02,7.41,400,3.58,11.4,76442.94,-1020.29,169.16,-0.1,-58.4,99974,0,0.1,1824,11684082,1740.12,245,2253,0,
224,1629,0.01,7.32,400,3.58,11.4,76815.82,-991.05,170.56,-0.1,-58.27,99953,0,0.1,1822,11682346,1736.34,245,2252,0,
225,1628,0,7.18,400,3.58,11.4,77185.52,-1019.74,171.97,-0.1,-58.14,99953,0,0.1,1821,11680613,1732.62,243,2251,0,
226,1626,0,7.18,400,3.58,11.39,77552.21,-1016.21,173.37,-0.1,-58,99953,0,0.1,1819,11678884,1728.91,242,2250,0,
227,1624,0,7.17,400,3.58,11.39,77915.89,-1030.55,174.77,-0.1,-57.87,99953,0,0.1,1818,11677158,1725.22,241,2249,0,
228,1623,0,7.16,400,3.58,11.39,78276.57,-1019.31,176.18,-0.1,-57.73,99953,0,0.1,1816,11675435,1721.54,240,2248,0,
229,1621,0,7.15,400,3.58,11.38,78634.24,-1002.07,177.57,-0.1,-57.6,99953,0,0.1,1814,11673716,1717.88,239,2247,0,
230,1619,0,7.14,400,3.58,11.38,78988.9,-1001.22,178.97,-0.1,-57.47,99953,0,0.1,1813,11672002,1714.22,238,2246,0,
231,1618,0,7.14,400,3.59,11.37,79340.56,-996.31,180.37,-0.1,-57.33,99953,0,0.1,1812,11670289,1710.58,237,2244,0,
232,1616,0,7.13,400,3.59,11.37,79689.23,-1030.25,181.76,-0.1,-57.2,99953,0,0.1,1810,11668581,1706.95,236,2243,0,
233,1614,0,7.12,400,3.59,11.36,80034.83,-1051.62,183.15,-0.1,-57.07,99953,0,0.1,1809,11666876,1703.33,235,2242,0,
234,1613,0,7.11,400,3.59,11.36,80384.27,-1072.56,184.57,-0.1,-56.93,99952,0,0.1,1807,11665141,1699.66,233,2241,0,
235,1611,0,7.11,400,3.59,11.36,80717.07,-1065.05,185.93,-0.1,-56.8,99952,0,0.1,1806,11663478,1696.14,232,2240,0,
236,1610,0,7.1,400,3.59,11.35,81053.7,-1059.99,187.32,-0.1,-56.67,99952,0,0.1,1804,11661783,1692.56,231,2239,0,
237,1608,0,7.09,400,3.59,11.35,81387.38,-1039.17,188.71,-0.1,-56.54,99952,0,0.1,1803,11660093,1688.99,230,2238,0,
238,1606,0,7.08,400,3.59,11.34,81718.1,-1087.45,190.09,-0.1,-56.41,99953,0,0.1,1801,11658406,1685.45,229,2237,0,
239,1605,0,7.08,400,3.6,11.34,82045.8,-1107.33,191.47,-0.1,-56.27,99949,0,0.1,1800,11656724,1681.87,228,2236,0,
240,1603,0,7.07,400,3.6,11.34,82370.49,-1094.95,192.85,-0.1,-56.14,99949,0,0.1,1799,11655043,1678.34,227,2235,0,
241,1602,0,7.06,400,3.6,11.33,82692.21,-1090.07,194.23,-0.1,-56.01,99949,0,0.1,1797,11653368,1674.83,226,2233,0,
242,1600,0,7.06,400,3.6,11.33,83010.88,-1093.45,195.61,-0.1,-55.88,99949,0,0.1,1796,11651695,1671.32,225,2232,0,
243,1599,0,7.05,400,3.6,11.32,83326.58,-1122.51,196.99,-0.1,-55.75,99949,0,0.1,1795,11650027,1667.83,224,2231,0,
244,1597,0,7.04,400,3.6,11.32,83639.3,-1135.71,198.36,-0.1,-55.62,99949,0,0.1,1793,11648362,1664.36,223,2230,0,
245,1596,0,7.04,400,3.6,11.32,83955.22,-1100.26,199.77,-0.1,-55.48,99949,0,0.1,1792,11646668,1660.82,221,2229,0,
246,1595,0,7.03,400,3.6,11.31,84255.83,-1124.27,201.11,-0.1,-55.35,99948,0,0.1,1791,11645044,1657.44,220,2228,0,
247,1593,0,7.02,400,3.61,11.31,84565.67,-1125.11,202.51,-0.1,-55.22,99948,0,0.1,1789,11643357,1653.94,219,2227,0,
248,1592,0,7.02,400,3.61,11.3,84860.46,-1134.88,203.85,-0.1,-55.09,99948,0,0.1,1788,11641741,1650.58,218,2226,0,
249,1590,0,7.01,400,3.61,11.3,85158.33,-1135.42,205.22,-0.1,-54.96,99948,0,0.1,1787,11640094,1647.17,217,2224,0,
250,1589,0,7,400,3.61,11.29,85453.23,-1082.42,206.59,-0.1,-54.83,99948,0,0.1,1786,11638452,1643.77,216,2224,0,
251,1588,0,7,400,3.61,11.29,85745.16,-1042.83,207.95,-0.1,-54.7,99948,0,0.1,1784,11636813,1640.38,215,2222,0,
252,1586,0,6.99,400,3.61,11.29,86034.13,-1031.13,209.32,-0.1,-54.57,99948,0,0.1,1783,11635179,1637.01,214,2221,0,
253,1585,0,6.99,400,3.61,11.28,86320.13,-1008.84,210.68,-0.1,-54.44,99948,0,0.1,1782,11633548,1633.65,212,2220,0,
254,1583,0,6.98,400,3.62,11.28,86603.19,-949.68,212.04,-0.1,-54.31,99948,0,0.1,1781,11631921,1630.3,211,2219,0,
255,1582,0,6.97,400,3.62,11.27,86883.27,-943.26,213.4,-0.1,-54.18,99948,0,0.1,1780,11630297,1626.97,210,2218,0,
256,1581,0,6.97,400,3.62,11.27,87160.39,-939.85,214.76,-0.1,-54.05,99948,0,0.1,1778,11628678,1623.65,209,2217,0,
257,1580,0,6.96,400,3.62,11.27,87434.53,-981.89,216.12,-0.1,-53.92,99947,0,0.1,1777,11627062,1620.34,208,2216,0,
258,1578,0,6.96,400,3.62,11.26,87705.76,-1019.08,217.48,-0.1,-53.79,99948,0,0.1,1776,11625450,1617.02,207,2215,0,
259,1577,0,6.95,400,3.62,11.26,87974.03,-1007.47,218.83,-0.1,-53.66,99948,0,0.1,1775,11623842,1613.74,206,2214,0,
260,1576,0,6.95,400,3.62,11.25,88239.35,-1040.67,220.19,-0.1,-53.53,99948,0,0.1,1774,11622238,1610.47,205,2212,0,
261,1575,0,6.94,400,3.62,11.25,88501.71,-1041.65,221.54,-0.1,-53.4,99948,0,0.1,1773,11620638,1607.22,204,2211,0,
262,1573,0,6.93,400,3.63,11.25,88766.27,-1034.78,222.92,-0.1,-53.27,99948,0,0.1,1772,11619010,1603.91,202,2210,0,
263,1572,0,6.93,400,3.63,11.24,89017.56,-1066.95,224.25,-0.1,-53.14,99948,0,0.1,1771,11617450,1600.75,201,2209,0,
264,1571,0,6.92,400,3.63,11.24,89276.08,-1112.52,225.62,-0.1,-53.01,99948,0,0.1,1770,11615829,1597.47,200,2208,0,
265,1570,0,6.92,400,3.63,11.23,89521.57,-1083.9,226.94,-0.1,-52.89,99948,0,0.1,1769,11614276,1594.33,199,2207,0,
266,1569,0,6.91,400,3.63,11.23,89769.13,-1119.2,228.29,-0.1,-52.76,99948,0,0.1,1768,11612696,1591.14,198,2206,0,
267,1567,0,6.91,400,3.63,11.22,90013.73,-1109.83,229.64,-0.1,-52.63,99948,0,0.1,1766,11611119,1587.96,197,2205,0,
268,1566,0,6.9,400,3.63,11.22,90255.38,-1081.1,230.99,-0.1,-52.5,99948,0,0.1,1765,11609547,1584.8,196,2203,0,
269,1565,0,6.9,400,3.64,11.22,90494.05,-1071.96,232.33,-0.1,-52.37,99948,0,0.1,1764,11607978,1581.65,195,2202,0,
270,1564,0,6.89,400,3.64,11.21,90729.77,-1078.36,233.67,-0.1,-52.24,99948,0,0.1,1763,11606414,1578.52,193,2201,0,
271,1563,0.02,7.06,400,3.64,11.21,90966.96,-1104.25,235.04,-0.1,-52.11,99936,0,0.1,1763,11604822,1575.37,193,2200,0,
272,1562,0.01,6.98,400,3.64,11.21,91196.13,-1130.58,236.39,-0.1,-51.98,99927,0,0.1,1762,11603266,1572.29,192,2200,0,
273,1561,0,6.88,400,3.64,11.2,91422.21,-1177.99,237.73,-0.1,-51.86,99927,0,0.1,1761,11601713,1569.2,191,2198,0,
274,1559,0,0,400,3.64,11.2,91922.44,-1147.46,240.75,-0.1,-51.57,99927,0,0.1,1759,11598219,1562.26,190,2198,0,
275,1558,0,0,400,3.64,11.2,92126.17,-1114.17,242.01,-0.1,-51.45,99927,0,0.1,1758,11596771,1559.39,190,2198,0,
277,1556,0,0,400,3.64,11.2,92513.4,-1033.96,244.45,-0.1,-51.21,99927,0,0.1,1756,11593975,1553.87,190,2198,0,
278,1555,0,0,400,3.64,11.2,92697.23,-1027.28,245.63,-0.1,-51.1,99927,0,0.1,1755,11592627,1551.21,190,2198,0,
279,1553,0,0,400,3.64,11.2,93046.06,-979.62,247.91,-0.1,-50.88,99927,0,0.1,1754,11590030,1546.1,190,2198,0,
280,1553,0,0,400,3.64,11.2,93211.37,-965.16,249,-0.1,-50.78,99927,0,0.1,1753,11588780,1543.65,190,2198,0,
281,1552,0,0,400,3.64,11.2,93370.8,-992.92,250.07,-0.1,-50.68,99927,0,0.1,1753,11587563,1541.27,190,2198,0,
282,1551,0,0,400,3.64,11.2,93524.49,-1022.61,251.12,-0.1,-50.58,99927,0,0.1,1752,11586379,1538.96,190,2198,0,
283,1550,0,0,400,3.64,11.2,93672.58,-1038.57,252.14,-0.1,-50.48,99927,0,0.1,1751,11585226,1536.71,190,2198,0,
284,1549,0,0,400,3.64,11.2,93952.49,-1146.37,254.09,-0.1,-50.29,99927,0,0.1,1750,11583016,1532.41,190,2198,0,
286,1548,0,0,400,3.64,11.2,94211.56,-1161.08,255.94,-0.1,-50.12,99927,0,0.1,1749,11580933,1528.36,190,2198,0,
287,1547,0,0,400,3.64,11.2,94450.77,-1212.04,257.69,-0.1,-49.95,99927,0,0.1,1748,11578975,1524.57,190,2198,0,
288,1546,0,0,400,3.64,11.2,94563.21,-1203.98,258.52,-0.1,-49.87,99927,0,0.1,1748,11578042,1522.77,190,2198,0,
289,1545,0,0,400,3.64,11.2,94774.31,-1203.55,260.11,-0.1,-49.72,99927,0,0.1,1747,11576268,1519.35,190,2198,0,
290,1544,0,0,400,3.64,11.2,94967.74,-1205.03,261.59,-0.1,-49.58,99927,0,0.1,1746,11574617,1516.17,190,2198,0,
291,1543,0,0,400,3.64,11.2,95226.45,-1145.53,263.62,-0.1,-49.38,99927,0,0.1,1745,11572365,1511.85,190,2198,0,
292,1543,0,0,400,3.64,11.2,95304.66,-1142.3,264.24,-0.1,-49.32,99927,0,0.1,1744,11571674,1510.53,190,2198,0,
293,1542,0,0,400,3.64,11.2,95516.35,-1133.4,265.95,-0.1,-49.16,99927,0,0.1,1744,11569779,1506.91,190,2198,0,
294,1541,0,0,400,3.64,11.2,95579.52,-1129.89,266.47,-0.1,-49.11,99927,0,0.1,1743,11569207,1505.81,190,2198,0,
295,1541,0,0,400,3.64,11.2,95695.19,-1109.1,267.43,-0.1,-49.02,99927,0,0.1,1743,11568148,1503.8,190,2198,0,
296,1540,0,0,400,3.64,11.2,95842.95,-1084.06,268.68,-0.1,-48.9,99927,0,0.1,1742,11566779,1501.2,190,2198,0,
297,1540,0,0,400,3.64,11.2,95994.13,-1100.43,269.97,-0.1,-48.78,99927,0,0.1,1742,11565356,1498.5,190,2198,0,
298,1539,0,0,400,3.64,11.2,96139.69,-1074.15,271.25,-0.1,-48.66,99927,0,0.1,1741,11563965,1495.86,190,2198,0,
299,1538,0,6.78,400,3.64,11.2,96252.38,-1034.18,272.25,-0.1,-48.56,99927,0,0.1,1741,11562868,1493.79,190,2197,0,
300,1538,0,6.78,400,3.64,11.19,96398.28,-1014.25,273.57,-0.1,-48.43,99927,0,0.1,1740,11561431,1491.09,189,2196,0,
301,1536,0,0,400,3.64,11.19,96733.49,-1002.41,276.7,-0.1,-48.13,99927,0,0.1,1738,11558033,1484.7,188,2196,0,
302,1535,0,0,400,3.64,11.19,96861.52,-1036.26,277.94,-0.1,-48.02,99927,0,0.1,1738,11556693,1482.2,188,2196,0,
303,1535,0,0,400,3.64,11.19,96984.35,-1047.86,279.15,-0.1,-47.9,99927,0,0.1,1737,11555386,1479.76,188,2196,0,
304,1534,0,0,400,3.64,11.19,97102.12,-1036.02,280.34,-0.1,-47.79,99927,0,0.1,1737,11554111,1477.39,188,2196,0,
305,1534,0,0,400,3.64,11.19,97215.01,-1090.28,281.5,-0.1,-47.68,99927,0,0.1,1736,11552867,1475.08,188,2196,0,
306,1533,0,0,400,3.64,11.19,97426.7,-1103.66,283.75,-0.1,-47.46,99927,0,0.1,1736,11550471,1470.65,188,2196,0,
307,1532,0,0,400,3.64,11.19,97525.82,-1094.4,284.83,-0.1,-47.36,99927,0,0.1,1735,11549319,1468.52,188,2196,0,
309,1531,0,0,400,3.64,11.19,97711.3,-1082.98,286.91,-0.1,-47.16,99927,0,0.1,1734,11547106,1464.45,188,2196,0,
310,1531,0,0,400,3.64,11.19,97797.95,-1093.18,287.92,-0.1,-47.06,99927,0,0.1,1734,11546044,1462.51,188,2196,0,
311,1530,0,0,400,3.64,11.19,97959.7,-1079.3,289.85,-0.1,-46.88,99927,0,0.1,1733,11544011,1458.79,188,2196,0,
312,1530,0,0,400,3.64,11.19,98035.07,-1085.23,290.78,-0.1,-46.79,99927,0,0.1,1733,11543038,1457.02,188,2196,0,
313,1530,0,0,400,3.64,11.19,98106.93,-1074.62,291.68,-0.1,-46.7,99927,0,0.1,1733,11542096,1455.31,188,2196,0,
315,1529,0,0,400,3.64,11.19,98302.65,-1096.01,294.22,-0.1,-46.46,99927,0,0.1,1732,11539438,1450.5,188,2196,0,
316,1528,0,0,400,3.64,11.19,98470.91,-1177.12,296.54,-0.1,-46.24,99927,0,0.1,1731,11537038,1446.18,188,2196,0,
318,1527,0,0,400,3.64,11.19,98569.19,-1178.64,297.95,-0.1,-46.11,99927,0,0.1,1731,11535579,1443.56,188,2196,0,
319,1527,0,0,400,3.64,11.19,98657.26,-1154.38,299.26,-0.1,-45.98,99927,0,0.1,1730,11534230,1441.15,188,2196,0,
320,1526,0,0,400,3.64,11.19,98771.69,-1165.86,301.03,-0.1,-45.81,99927,0,0.1,1730,11532413,1437.91,188,2196,0,
321,1526,0,0,400,3.64,11.19,98837.13,-1145.44,302.08,-0.1,-45.71,99927,0,0.1,1730,11531336,1436,188,2196,0,
322,1526,0,0,400,3.64,11.19,98894.55,-1182.63,303.03,-0.1,-45.62,99927,0,0.1,1729,11530368,1434.29,188,2196,0,
323,1526,0,0,400,3.64,11.19,98966.72,-1197.42,304.27,-0.1,-45.5,99927,0,0.1,1729,11529115,1432.08,188,2196,0,
324,1525,0,0,400,3.64,11.19,99053.28,-1177.07,305.81,-0.1,-45.36,99927,0,0.1,1729,11527554,1429.33,188,2196,0,
325,1525,0,0,400,3.64,11.19,99095.07,-1187.96,306.58,-0.1,-45.28,99927,0,0.1,1729,11526776,1427.96,188,2196,0,
326,1525,0,6.72,400,3.64,11.19,99153.87,-1153.97,307.7,-0.1,-45.17,99927,0,0.1,1728,11525646,1425.99,188,2195,0,
327,1524,0,6.72,400,3.65,11.19,99219.8,-1110.73,309,-0.1,-45.05,99927,0,0.1,1728,11524333,1423.7,187,2194,0,
329,1523,0,0,400,3.65,11.18,99446.03,-977.8,314.03,-0.1,-44.57,99927,0,0.1,1727,11519330,1415.04,185,2193,0,
330,1523,0,0,400,3.65,11.18,99493.73,-967.55,315.23,-0.1,-44.46,99927,0,0.1,1727,11518141,1413.01,185,2193,0,
331,1523,0,0,400,3.65,11.18,99537.99,-974.04,316.41,-0.1,-44.34,99927,0,0.1,1727,11516982,1411.03,185,2193,0,
332,1523,0,0,400,3.65,11.18,99578.96,-965.48,317.56,-0.1,-44.23,99927,0,0.1,1727,11515851,1409.1,185,2193,0,
333,1523,0,0,400,3.65,11.18,99616.79,-984.33,318.69,-0.1,-44.13,99927,0,0.1,1726,11514750,1407.23,185,2193,0,
334,1522,0,0,400,3.65,11.18,99651.63,-934.89,319.79,-0.1,-44.02,99927,0,0.1,1726,11513677,1405.42,185,2193,0,
335,1522,0,0,400,3.65,11.18,99683.63,-931.59,320.86,-0.1,-43.92,99927,0,0.1,1726,11512632,1403.66,185,2193,0,
336,1522,0,0,400,3.65,11.18,99712.94,-929.72,321.91,-0.1,-43.82,99927,0,0.1,1726,11511616,1401.95,185,2193,0,
337,1522,0,0,400,3.65,11.18,99764.02,-873.47,323.93,-0.1,-43.62,99927,0,0.1,1726,11509666,1398.69,185,2193,0,
338,1522,0,0,400,3.65,11.18,99786.07,-878.5,324.91,-0.1,-43.53,99927,0,0.1,1726,11508733,1397.14,185,2193,0,
339,1522,0,0,400,3.65,11.18,99823.81,-949.78,326.77,-0.1,-43.35,99927,0,0.1,1726,11506946,1394.18,185,2193,0,
340,1521,0,0,400,3.65,11.18,99839.75,-949.3,327.67,-0.1,-43.27,99927,0,0.1,1725,11506094,1392.77,185,2193,0,
341,1521,0,0,400,3.65,11.18,99853.91,-946.5,328.54,-0.1,-43.18,99927,0,0.1,1725,11505267,1391.42,185,2193,0,
343,1521,0,0,400,3.65,11.18,99886.78,-915.7,330.99,-0.1,-42.95,99927,0,0.1,1725,11502947,1387.62,185,2193,0,
345,1521,0,0,400,3.65,11.18,99907.52,-885.66,333.22,-0.1,-42.74,99927,0,0.1,1725,11500859,1384.24,185,2193,0,
346,1521,0,0,400,3.65,11.18,99915.93,-910.39,334.57,-0.1,-42.61,99927,0,0.1,1725,11499595,1382.21,185,2193,0,
347,1521,0,0,400,3.65,11.18,99920.87,-911.05,335.83,-0.1,-42.49,99927,0,0.1,1725,11498430,1380.34,185,2193,0,
348,1521,0,0,400,3.65,11.18,99922.99,-776.66,336.98,-0.1,-42.38,99927,0,0.1,1725,11497365,1378.64,185,2193,0,
349,1521,0,0,400,3.65,11.18,99921.22,-604.8,338.97,-0.1,-42.19,99927,0,0.1,1725,11495528,1375.73,185,2193,0,
350,1521,0,0,400,3.65,11.18,99916.68,-605.63,340.2,-0.1,-42.07,99927,0,0.1,1725,11494402,1373.96,185,2193,0,
351,1521,0,0,400,3.65,11.18,99912.98,-600.38,340.89,-0.1,-42,99927,0,0.1,1725,11493771,1372.97,185,2193,0,
352,1521,0,0,400,3.65,11.18,99903.92,-634.84,342.17,-0.1,-41.88,99927,0,0.1,1725,11492606,1371.14,185,2193,0,
353,1521,0,6.72,400,3.65,11.18,99897.08,-617.22,342.95,-0.1,-41.81,99927,0,0.1,1725,11491904,1370.05,185,2193,0,
354,1521,0,0,400,3.65,11.18,99855.32,-542.85,346.3,-0.1,-41.49,99927,0,0.1,1725,11488886,1365.4,185,2192,0,
355,1521,0,0,400,3.65,11.18,99835.16,-457.27,347.53,-0.1,-41.37,99927,0,0.1,1726,11487789,1363.72,185,2192,0,
357,1522,0,0,400,3.65,11.18,99788.64,35.5,349.91,-0.1,-41.14,99927,0,0.1,1726,11485677,1360.52,185,2192,0,
358,1522,0,0,400,3.65,11.18,99762.6,18.45,351.06,-0.1,-41.03,99927,0,0.1,1726,11484662,1359,185,2192,0,
360,1522,0,0,400,3.65,11.18,99705.73,-7.59,353.28,-0.1,-40.82,99927,0,0.1,1726,11482709,1356.09,185,2192,0,
361,1522,0,0,400,3.65,11.18,99643.45,138.78,355.41,-0.1,-40.62,99927,0,0.1,1726,11480861,1353.36,185,2192,0,
362,1523,0,0,400,3.65,11.18,99610.63,108.08,356.43,-0.1,-40.52,99927,0,0.1,1726,11479975,1352.07,185,2192,0,
363,1523,0,0,400,3.65,11.18,99576.89,154.16,357.43,-0.1,-40.43,99927,0,0.1,1727,11479115,1350.81,185,2192,0,
364,1523,0,0,400,3.65,11.18,99542.34,162.33,358.4,-0.1,-40.33,99927,0,0.1,1727,11478279,1349.61,185,2192,0,
365,1523,0,0,400,3.65,11.18,99471.37,174.12,360.27,-0.1,-40.15,99927,0,0.1,1727,11476682,1347.31,185,2192,0,
366,1523,0,0,400,3.65,11.18,99435.19,191.07,361.17,-0.1,-40.07,99927,0,0.1,1727,11475921,1346.22,185,2192,0,
367,1524,0,0,400,3.65,11.18,99362.05,113.75,362.88,-0.1,-39.9,99927,0,0.1,1727,11474470,1344.17,185,2192,0,
368,1524,0,0,400,3.65,11.18,99288.61,295.64,364.5,-0.1,-39.75,99927,0,0.1,1728,11473113,1342.27,185,2192,0,
369,1524,0,0,400,3.65,11.18,99252.05,310.63,365.27,-0.1,-39.68,99927,0,0.1,1728,11472471,1341.37,185,2192,0,
370,1524,0,0,400,3.65,11.18,99215.74,302.05,366.01,-0.1,-39.61,99927,0,0.1,1728,11471851,1340.51,185,2192,0,
371,1525,0,0,400,3.65,11.18,99144.23,315.21,367.42,-0.1,-39.47,99927,0,0.1,1728,11470680,1338.9,185,2192,0,
372,1525,0,0,400,3.65,11.18,99074.85,280.94,368.73,-0.1,-39.35,99927,0,0.1,1729,11469600,1337.43,185,2192,0,
373,1525,0,0,400,3.65,11.18,99008.28,319.81,369.93,-0.1,-39.23,99927,0,0.1,1729,11468610,1336.09,185,2192,0,
374,1526,0,0,400,3.65,11.18,98945.17,328.3,371.04,-0.1,-39.13,99927,0,0.1,1729,11467708,1334.87,185,2192,0,
375,1526,0,0,400,3.65,11.18,98831.61,256.33,372.94,-0.1,-38.94,99927,0,0.1,1730,11466164,1332.82,185,2192,0,
376,1526,0,0,400,3.65,11.18,98806.23,266.22,373.35,-0.1,-38.91,99927,0,0.1,1730,11465832,1332.38,185,2192,0,
377,1527,0,0,400,3.65,11.18,98718.4,167.55,374.73,-0.1,-38.77,99927,0,0.1,1730,11464714,1330.91,185,2192,0,
378,1527,0,0,400,3.65,11.18,98642.62,133.15,375.89,-0.1,-38.66,99927,0,0.1,1731,11463787,1329.7,185,2192,0,
379,1527,0.02,6.72,400,3.65,11.18,98574.36,215.44,376.9,-0.1,-38.57,99927,0,0.1,1731,11462975,1328.66,184,2192,0,
380,1529,0,0,400,3.65,11.18,98335.65,268.22,380.26,-0.1,-38.25,99927,0,0.1,1732,11460323,1325.29,184,2191,0,
382,1529,0,0,400,3.65,11.18,98149.97,262.77,382.7,-0.1,-38.01,99927,0,0.1,1733,11458418,1322.92,184,2191,0,
383,1530,0,0,400,3.65,11.18,98056.36,219.5,383.89,-0.1,-37.9,99927,0,0.1,1733,11457501,1321.8,184,2191,0,
384,1530,0,0,400,3.65,11.18,97962.46,183.32,385.05,-0.1,-37.79,99927,0,0.1,1733,11456610,1320.71,184,2191,0,
386,1531,0,0,400,3.65,11.18,97774.37,134.18,387.28,-0.1,-37.57,99927,0,0.1,1734,11454898,1318.67,184,2191,0,
387,1532,0,0,400,3.65,11.18,97586.9,124.05,389.42,-0.1,-37.37,99927,0,0.1,1735,11453280,1316.77,184,2191,0,
388,1532,0,0,400,3.65,11.18,97493.74,-82.67,390.45,-0.1,-37.27,99927,0,0.1,1735,11452505,1315.88,184,2191,0,
390,1533,0,0,400,3.65,11.18,97309.28,-698.58,392.44,-0.1,-37.08,99927,0,0.1,1736,11451025,1314.19,184,2191,0,
391,1534,0,0,400,3.65,11.18,97128.16,-824.6,394.32,-0.1,-36.9,99927,0,0.1,1737,11449632,1312.64,184,2191,0,
392,1535,0,0,400,3.65,11.18,97039.16,-858.99,395.23,-0.1,-36.82,99927,0,0.1,1737,11448969,1311.91,184,2191,0,
393,1535,0,0,400,3.65,11.18,96864.9,-980.78,396.96,-0.1,-36.65,99927,0,0.1,1738,11447707,1310.54,184,2191,0,
394,1536,0,0,400,3.65,11.18,96696.37,-1006.8,398.58,-0.1,-36.5,99927,0,0.1,1739,11446529,1309.28,184,2191,0,
395,1537,0,0,400,3.65,11.18,96614.52,-1046.26,399.36,-0.1,-36.42,99927,0,0.1,1739,11445971,1308.7,184,2191,0,
396,1537,0,0,400,3.65,11.18,96534.43,-1072.33,400.11,-0.1,-36.35,99927,0,0.1,1739,11445433,1308.14,184,2191,0,
397,1538,0,0,400,3.65,11.18,96379.87,-1114.45,401.53,-0.1,-36.21,99927,0,0.1,1740,11444419,1307.09,184,2191,0,
398,1538,0,0,400,3.65,11.18,96233.47,-1155.76,402.85,-0.1,-36.09,99927,0,0.1,1741,11443485,1306.15,184,2191,0,
399,1539,0,0,400,3.65,11.18,96095.92,-1160.6,404.07,-0.1,-35.97,99927,0,0.1,1741,11442630,1305.3,184,2191,0,
400,1540,0,0,400,3.65,11.18,95967.84,-1186.48,405.18,-0.1,-35.87,99927,0,0.1,1742,11441850,1304.53,184,2191,0,
401,1540,0,0,400,3.65,11.18,95794.8,-1224.31,406.66,-0.1,-35.72,99927,0,0.1,1742,11440824,1303.55,184,2191,0,
402,1541,0,0,400,3.65,11.18,95646.16,-1208.81,407.9,-0.1,-35.61,99927,0,0.1,1743,11439965,1302.73,184,2191,0,
403,1542,0,0,400,3.65,11.18,95523.42,-1189.39,408.92,-0.1,-35.51,99927,0,0.1,1744,11439271,1302.09,184,2191,0,
404,1542,0,0,400,3.65,11.18,95379.53,-1189.09,410.09,-0.1,-35.4,99927,0,0.1,1744,11438473,1301.36,184,2191,0,
405,1543,0.02,6.76,400,3.65,11.17,95254.94,-1195.52,411.09,-0.1,-35.3,99927,0,0.1,1745,11437795,1300.75,183,2191,0,
406,1544,0,6.8,400,3.65,11.17,95083.72,-1173.91,412.44,-0.1,-35.17,99927,0,0.1,1745,11436886,1299.94,182,2190,0,
407,1545,0,0,400,3.65,11.17,94726.47,-1097.53,415.18,-0.1,-34.91,99927,0,0.1,1747,11435059,1298.38,182,2190,0,
408,1546,0,0,400,3.65,11.17,94559.99,-1097.62,416.43,-0.1,-34.79,99927,0,0.1,1748,11434236,1297.7,182,2190,0,
409,1547,0,0,400,3.65,11.17,94394.44,-1093.71,417.65,-0.1,-34.67,99927,0,0.1,1748,11433436,1297.05,182,2190,0,
410,1549,0,0,400,3.65,11.17,94066.71,-1035.76,420.02,-0.1,-34.45,99927,0,0.1,1750,11431902,1295.86,182,2190,0,
411,1549,0,0,400,3.65,11.17,93904.85,-1014.43,421.17,-0.1,-34.34,99927,0,0.1,1750,11431167,1295.3,182,2190,0,
412,1550,0,0,400,3.65,11.17,93744.53,-1007.27,422.29,-0.1,-34.23,99927,0,0.1,1751,11430452,1294.78,182,2190,0,
413,1551,0,0,400,3.65,11.17,93585.9,-1025.09,423.39,-0.1,-34.13,99927,0,0.1,1752,11429759,1294.28,182,2190,0,
415,1552,0,0,400,3.65,11.17,93274.28,-1070.01,425.5,-0.1,-33.93,99927,0,0.1,1753,11428433,1293.37,182,2190,0,
416,1554,0,0,400,3.65,11.17,92971.08,-1042.29,427.52,-0.1,-33.73,99927,0,0.1,1754,11427186,1292.55,182,2190,0,
417,1554,0,0,400,3.65,11.17,92822.97,-1043.76,428.48,-0.1,-33.64,99927,0,0.1,1755,11426593,1292.17,182,2190,0,
418,1556,0,0,400,3.65,11.17,92534.37,-1094.04,430.34,-0.1,-33.46,99927,0,0.1,1756,11425461,1291.49,182,2190,0,
419,1556,0,0,400,3.65,11.17,92394.12,-1091.9,431.23,-0.1,-33.38,99927,0,0.1,1757,11424924,1291.17,182,2190,0,
420,1557,0,0,400,3.65,11.17,92256.73,-1075.62,432.1,-0.1,-33.3,99927,0,0.1,1757,11424405,1290.88,182,2190,0,
421,1558,0,0,400,3.65,11.17,91990.98,-1091.86,433.75,-0.1,-33.14,99927,0,0.1,1758,11423421,1290.35,182,2190,0,
422,1559,0,0,400,3.65,11.17,91862.83,-1131.79,434.54,-0.1,-33.06,99927,0,0.1,1759,11422956,1290.1,182,2190,0,
423,1561,0,0,400,3.65,11.17,91498.52,-1127.57,436.75,-0.1,-32.85,99927,0,0.1,1760,11421665,1289.47,182,2190,0,
424,1561,0,0,400,3.65,11.17,91384.11,-1128.75,437.43,-0.1,-32.79,99927,0,0.1,1761,11421269,1289.28,182,2190,0,
425,1562,0,0,400,3.65,11.17,91166.38,-1115.29,438.72,-0.1,-32.66,99927,0,0.1,1762,11420527,1288.95,182,2190,0,
426,1563,0,0,400,3.65,11.17,90963.98,-1117.87,439.9,-0.1,-32.55,99927,0,0.1,1763,11419850,1288.67,182,2190,0,
427,1564,0,0,400,3.65,11.17,90690.48,-1141.5,441.48,-0.1,-32.4,99927,0,0.1,1764,11418955,1288.32,182,2190,0,
428,1565,0,0,400,3.65,11.17,90529,-1172.58,442.41,-0.1,-32.31,99927,0,0.1,1764,11418436,1288.13,182,2190,0,
429,1566,0,0,400,3.65,11.17,90319.28,-1158.81,443.6,-0.1,-32.2,99927,0,0.1,1765,11417775,1287.9,182,2190,0,
430,1567,0,0,400,3.65,11.17,90102.41,-1134.85,444.81,-0.1,-32.08,99927,0,0.1,1766,11417102,1287.68,182,2190,0,
431,1568,0,0,400,3.65,11.17,89901.96,-1111.93,445.92,-0.1,-31.98,99927,0,0.1,1767,11416492,1287.5,182,2190,0,
432,1569,0,6.91,400,3.65,11.17,89681.29,-1089.21,447.14,-0.1,-31.86,99927,0,0.1,1768,11415831,1287.32,181,2189,0,
433,1572,0,0,400,3.65,11.17,89157.12,-1070.61,449.97,-0.1,-31.59,99927,0,0.1,1770,11414315,1286.99,181,2189,0,
434,1573,0,0,400,3.65,11.17,88917.82,-1099.35,451.24,-0.1,-31.47,99927,0,0.1,1771,11413642,1286.87,181,2189,0,
435,1574,0,0,400,3.65,11.17,88680.95,-1111.98,452.49,-0.1,-31.35,99927,0,0.1,1772,11412989,1286.77,181,2189,0,
436,1576,0,0,400,3.65,11.17,88215.11,-1117.91,454.9,-0.1,-31.12,99927,0,0.1,1774,11411741,1286.65,181,2189,0,
437,1577,0,0,400,3.65,11.17,87986.46,-1083.51,456.07,-0.1,-31.01,99927,0,0.1,1775,11411145,1286.61,181,2189,0,
439,1579,0,0,400,3.65,11.17,87538.45,-1116.57,458.33,-0.1,-30.79,99927,0,0.1,1777,11410007,1286.59,181,2189,0,
440,1580,0,0,400,3.65,11.17,87319.38,-1119.03,459.42,-0.1,-30.69,99927,0,0.1,1778,11409464,1286.61,181,2189,0,
441,1581,0,0,400,3.65,11.17,87103.8,-1118.03,460.49,-0.1,-30.58,99927,0,0.1,1779,11408938,1286.64,181,2189,0,
442,1583,0,0,400,3.65,11.17,86683.61,-1094.95,462.54,-0.1,-30.39,99927,0,0.1,1781,11407938,1286.74,181,2189,0,
443,1584,0,0,400,3.65,11.17,86479.28,-1064.74,463.53,-0.1,-30.29,99927,0,0.1,1782,11407462,1286.81,181,2189,0,
444,1585,0,0,400,3.65,11.17,86278.95,-1066.49,464.49,-0.1,-30.2,99927,0,0.1,1782,11407003,1286.89,181,2189,0,
446,1588,0,0,400,3.65,11.17,85703.26,-1072.88,467.22,-0.1,-29.94,99927,0,0.1,1785,11405719,1287.18,181,2189,0,
447,1590,0,0,400,3.65,11.17,85341.7,-1073.83,468.91,-0.09,-29.78,99927,0,0.1,1786,11404939,1287.41,181,2189,0,
448,1590,0,0,400,3.65,11.17,85167.93,-1044.04,469.72,-0.09,-29.7,99927,0,0.1,1787,11404571,1287.53,181,2189,0,
449,1592,0,0,400,3.65,11.17,84834.88,-1041.35,471.25,-0.09,-29.56,99927,0,0.1,1788,11403879,1287.78,181,2189,0,
450,1593,0,0,400,3.65,11.17,84521.84,-1090.85,472.67,-0.09,-29.42,99927,0,0.1,1790,11403242,1288.04,181,2189,0,
451,1595,0,0,400,3.65,11.17,84229.53,-1126.97,473.99,-0.09,-29.29,99927,0,0.1,1791,11402660,1288.31,181,2189,0,
452,1596,0,0,400,3.65,11.17,83958.62,-1143.26,475.2,-0.09,-29.18,99927,0,0.1,1792,11402130,1288.58,181,2189,0,
453,1597,0,0,400,3.65,11.17,83709.75,-1180.85,476.31,-0.09,-29.07,99927,0,0.1,1793,11401652,1288.84,181,2189,0,
454,1599,0,0,400,3.65,11.17,83378.96,-1164.28,477.77,-0.09,-28.93,99927,0,0.1,1795,11401028,1289.2,181,2189,0,
455,1600,0,0,400,3.65,11.17,83019.82,-1163.2,479.33,-0.09,-28.78,99927,0,0.1,1796,11400368,1289.63,181,2189,0,
456,1602,0,0,400,3.65,11.17,82757.2,-1159.14,480.47,-0.09,-28.68,99927,0,0.1,1797,11399895,1289.95,181,2189,0,
457,1603,0,0,400,3.65,11.17,82549.08,-1157.96,481.37,-0.09,-28.59,99927,0,0.1,1798,11399524,1290.22,181,2189,0,
458,1604,0,7.07,400,3.65,11.16,82258.5,-1162.9,482.61,-0.09,-28.47,99927,0,0.1,1799,11399016,1290.61,180,2188,0,
459,1607,0,0,400,3.65,11.16,81563.4,-1234.98,485.54,-0.09,-28.19,99927,0,0.1,1802,11397841,1291.61,180,2188,0,
460,1609,0,0,400,3.65,11.16,81250.85,-1217.74,486.85,-0.09,-28.07,99927,0,0.1,1804,11397330,1292.09,180,2188,0,
461,1610,0,0,400,3.65,11.16,80942.25,-1161.31,488.13,-0.09,-27.94,99927,0,0.1,1805,11396835,1292.59,180,2188,0,
463,1614,0,0,400,3.65,11.16,80041.63,-1109.76,491.81,-0.09,-27.59,99927,0,0.1,1809,11395446,1294.12,180,2187,0,
464,1616,0,0,400,3.65,11.16,79750.34,-1090.89,492.98,-0.09,-27.48,99927,0,0.1,1810,11395013,1294.64,180,2187,0,
465,1617,0,0,400,3.65,11.16,79463.77,-1093.63,494.13,-0.09,-27.37,99927,0,0.1,1811,11394595,1295.17,180,2187,0,
466,1618,0,0,400,3.65,11.16,79182.05,-1090.73,495.25,-0.09,-27.26,99927,0,0.1,1812,11394192,1295.71,180,2187,0,
467,1620,0,0,400,3.65,11.16,78905.32,-1082.5,496.34,-0.09,-27.16,99927,0,0.1,1813,11393802,1296.24,180,2187,0,
468,1622,0,0,400,3.65,11.16,78367.43,-1087.99,498.46,-0.09,-26.96,99927,0,0.1,1816,11393065,1297.32,180,2187,0,
469,1623,0,0,400,3.65,11.16,78106.51,-1081.92,499.47,-0.09,-26.86,99927,0,0.1,1817,11392716,1297.86,180,2187,0,
470,1625,0,0,400,3.65,11.16,77851.12,-1093.29,500.46,-0.09,-26.77,99927,0,0.1,1818,11392381,1298.39,180,2187,0,
471,1627,0,0,400,3.65,11.16,77357.43,-1040.42,502.36,-0.09,-26.59,99927,0,0.1,1820,11391745,1299.46,180,2187,0,
472,1628,0,0,400,3.65,11.16,77119.37,-1042.8,503.27,-0.09,-26.5,99927,0,0.1,1821,11391447,1299.98,180,2187,0,
474,1631,0,0,400,3.65,11.16,76441.67,-1059.9,505.83,-0.09,-26.25,99927,0,0.1,1824,11390620,1301.52,180,2187,0,
475,1633,0,0,400,3.65,11.16,76021.35,-1063.88,507.41,-0.09,-26.1,99927,0,0.1,1826,11390126,1302.51,180,2187,0,
476,1636,0,0,400,3.65,11.16,75440.02,-1047.08,509.57,-0.09,-25.9,99927,0,0.1,1828,11389463,1303.91,180,2187,0,
477,1637,0,0,400,3.65,11.16,75259.71,-1068.65,510.23,-0.09,-25.83,99927,0,0.1,1829,11389263,1304.35,180,2187,0,
478,1638,0,0,400,3.65,11.16,74919.84,-1075.67,511.48,-0.09,-25.71,99927,0,0.1,1830,11388890,1305.2,180,2187,0,
479,1640,0,0,400,3.65,11.16,74608.09,-1061.5,512.62,-0.09,-25.61,99927,0,0.1,1832,11388556,1305.98,180,2187,0,
480,1642,0,0,400,3.65,11.16,74194.47,-1062.86,514.13,-0.09,-25.46,99927,0,0.1,1833,11388122,1307.05,180,2187,0,
481,1644,0,0,400,3.65,11.16,73746.33,-1141.41,515.74,-0.09,-25.31,99927,0,0.1,1835,11387667,1308.22,180,2187,0,
482,1645,0,0,400,3.65,11.16,73489.48,-1151.89,516.66,-0.09,-25.22,99927,0,0.1,1836,11387411,1308.91,180,2187,0,
483,1647,0,0,400,3.65,11.16,73183.91,-1134.08,517.75,-0.09,-25.12,99927,0,0.1,1838,11387112,1309.73,180,2187,0,
485,1653,0,0,400,3.65,11.16,71744.61,-1217.23,522.83,-0.09,-24.63,99926,0,0.1,1844,11385783,1313.75,179,2187,0,
486,1655,0,0,400,3.65,11.16,71365.16,-1233.35,524.15,-0.09,-24.51,99926,0,0.1,1845,11385452,1314.84,179,2187,0,
487,1657,0,0,400,3.65,11.16,70991.3,-1212.35,525.44,-0.09,-24.38,99926,0,0.1,1847,11385135,1315.94,179,2187,0,
488,1659,0,0,400,3.65,11.16,70623.18,-1171.95,526.7,-0.09,-24.26,99926,0,0.1,1849,11384831,1317.03,179,2187,0,
490,1662,0,0,400,3.65,11.16,69904.82,-1136.15,529.16,-0.09,-24.03,99926,0,0.1,1852,11384259,1319.19,179,2187,0,
491,1664,0,0,400,3.65,11.16,69554.86,-1146.01,530.34,-0.09,-23.91,99926,0,0.1,1853,11383990,1320.26,179,2187,0,
492,1667,0,0,400,3.65,11.16,68874.17,-1135.71,532.64,-0.09,-23.69,99926,0,0.1,1856,11383486,1322.38,179,2187,0,
493,1668,0,0,400,3.65,11.16,68543.69,-1107.72,533.74,-0.09,-23.59,99926,0,0.1,1857,11383250,1323.42,179,2187,0,
494,1670,0,0,400,3.65,11.16,68219.99,-1103.59,534.82,-0.09,-23.49,99926,0,0.1,1859,11383024,1324.46,179,2187,0,
495,1673,0,0,400,3.65,11.16,67593.41,-1118.18,536.89,-0.09,-23.29,99926,0,0.1,1861,11382602,1326.48,179,2187,0,
496,1674,0,0,400,3.65,11.16,67290.8,-1064.36,537.89,-0.09,-23.19,99926,0,0.1,1863,11382405,1327.47,179,2187,0,
497,1676,0,0,400,3.65,11.16,66995.47,-1057.08,538.86,-0.09,-23.1,99926,0,0.1,1864,11382216,1328.44,179,2187,0,
498,1678,0,0,400,3.65,11.16,66427.1,-1060.05,540.71,-0.09,-22.92,99926,0,0.1,1866,11381866,1330.33,179,2187,0,
499,1680,0,0,400,3.65,11.16,66154.3,-1040.75,541.6,-0.09,-22.84,99926,0,0.1,1868,11381703,1331.25,179,2187,0,
500,1682,0,0,400,3.65,11.16,65631.98,-1044.78,543.29,-0.09,-22.68,99926,0,0.1,1870,11381401,1333.02,179,2187,0,
501,1684,0,0,400,3.65,11.16,65141.41,-1014.53,544.86,-0.09,-22.53,99926,0,0.1,1872,11381128,1334.71,179,2187,0,
502,1687,0,0,400,3.65,11.16,64683.32,-1068.13,546.33,-0.09,-22.39,99926,0,0.1,1874,11380882,1336.3,179,2187,0,
503,1690,0,0,400,3.65,11.16,64058.69,-1086.13,548.31,-0.09,-22.2,99926,0,0.1,1876,11380563,1338.49,179,2187,0,
504,1690,0,0,400,3.65,11.16,63867.48,-1090.29,548.92,-0.09,-22.14,99926,0,0.1,1877,11380469,1339.17,179,2187,0,
505,1692,0,0,400,3.65,11.16,63510.95,-1057.62,550.04,-0.09,-22.03,99926,0,0.1,1879,11380296,1340.44,179,2187,0,
506,1694,0,0,400,3.65,11.16,63041.98,-1100.48,551.51,-0.09,-21.89,99926,0,0.1,1881,11380078,1342.12,179,2187,0,
507,1697,0,0,400,3.65,11.16,62439.65,-1093.18,553.4,-0.09,-21.71,99926,0,0.1,1883,11379810,1344.3,179,2187,0,
508,1698,0,0,400,3.65,11.16,62187.85,-1111.38,554.18,-0.09,-21.64,99926,0,0.1,1884,11379702,1345.23,179,2187,0,
509,1700,0.04,7.31,400,3.65,11.16,61810.46,-1111.3,555.35,-0.09,-21.53,99922,0,0.1,1886,11379545,1346.58,179,0,0,
510,1702,0.03,7.87,400,3.66,11.15,61303.61,-1063.6,556.91,-0.09,-21.38,99908,0,0.1,1888,11379344,1348.37,178,2185,0,
511,1705,0.01,7.65,400,3.66,11.15,60801.58,-1082.55,558.45,-0.09,-21.23,99892,0,0.1,1890,11379154,1350.15,177,2184,0,
512,1707,0.01,7.5,400,3.66,11.15,60335.02,-1059.84,559.88,-0.09,-21.09,99877,0,0.1,1892,11378986,1351.81,176,2183,0,
513,1709,0.01,7.51,400,3.66,11.14,59826.46,-1079.18,561.43,-0.09,-20.95,99859,0,0.11,1894,11378813,1353.64,174,2182,0,
514,1711,0.01,7.51,400,3.66,11.14,59354.14,-1107.35,562.86,-0.09,-20.81,99841,0,0.11,1896,11378659,1355.33,173,2181,0,
515,1714,0.01,7.52,400,3.66,11.13,58799.63,-1128.73,564.53,-0.09,-20.65,99817,0,0.11,1898,11378490,1357.32,172,2180,0,
516,1715,0.02,7.53,400,3.66,11.13,58361.32,-1083.96,565.85,-0.09,-20.52,99796,0,0.11,1900,11378364,1358.88,171,2179,0,
517,1718,0.02,7.54,400,3.67,11.13,57840.35,-1065.55,567.4,-0.09,-20.37,99770,0,0.11,1902,11378222,1360.73,170,2177,0,
518,1720,0.02,7.56,400,3.67,11.12,57316.16,-1066.25,568.96,-0.09,-20.23,99743,0,0.11,1904,11378089,1362.59,169,2176,0,
519,1722,0.02,7.58,400,3.67,11.12,56829.43,-1085.72,570.4,-0.08,-20.09,99718,0,0.11,1906,11377975,1364.32,168,2175,0,
520,1724,0.02,7.6,400,3.67,11.11,56339.95,-1082.62,571.85,-0.08,-19.95,99692,0,0.11,1908,11377866,1366.05,167,2174,0,
521,1726,0.02,7.62,400,3.67,11.11,55806.56,-1078.47,573.42,-0.08,-19.8,99664,0,0.11,1910,11377758,1367.94,166,2173,0.01,
522,1728,0.03,7.65,400,3.67,11.11,55311.31,-1080.36,574.87,-0.08,-19.66,99639,0,0.11,1912,11377665,1369.68,165,2172,0.01,
523,1731,0.03,7.69,400,3.67,11.1,54730,-1112.11,576.56,-0.08,-19.5,99612,0,0.11,1914,11377566,1371.72,163,2171,0.01,
524,1733,0.03,7.73,400,3.67,11.1,54228.69,-1138.95,578.01,-0.08,-19.36,99592,0,0.11,1916,11377489,1373.47,162,2170,0.01,
525,1735,0.04,7.78,400,3.68,11.09,53724.57,-1187.83,579.47,-0.08,-19.22,99574,0,0.11,1918,11377420,1375.23,161,2169,0.01,
526,1737,0.04,7.82,400,3.68,11.09,53217.6,-1207.77,580.93,-0.08,-19.08,99561,0,0.11,1919,11377358,1377.01,160,2168,0.01,
527,1739,0.04,7.88,400,3.68,11.09,52665.16,-1172.85,582.51,-0.08,-18.93,99551,0,0.12,1921,11377299,1378.93,159,2167,0.01,
528,1741,0.05,7.92,400,3.68,11.08,52152.21,-1137.74,583.97,-0.08,-18.79,99545,0,0.12,1923,11377254,1380.73,158,2166,0.01,
529,1744,0.05,7.97,400,3.68,11.08,51593.24,-1117.42,585.56,-0.08,-18.64,99542,0,0.12,1925,11377212,1382.69,157,2165,0.01,
530,1746,0.06,8,400,3.68,11.08,51030.87,-1085.91,587.15,-0.08,-18.49,99540,0,0.13,1927,11377180,1384.72,156,2164,0.01,
531,1748,0.05,8,400,3.68,11.07,50508.72,-1044.07,588.62,-0.08,-18.35,99540,0,0.13,1929,11377158,1386.63,155,2163,0.01,
532,1750,0.06,8.02,400,3.68,11.07,49983.63,-1026.06,590.09,-0.08,-18.21,99542,0,0.14,1931,11377144,1388.58,154,2162,0.02,
533,1753,0.06,8.03,400,3.69,11.06,49411.46,-1029.92,591.69,-0.08,-18.06,99543,0,0.15,1933,11377137,1390.74,153,2161,0.02,
534,1755,0.06,8,400,3.69,11.06,48880.21,-1041.95,593.16,-0.08,-17.91,99529,0,0.16,1935,11377139,1392.71,152,2160,0.02,
535,1757,0.06,7.92,399.99,3.69,11.06,48301.39,-1087.66,594.77,-0.08,-17.76,99492,0,0.17,1937,11377150,1394.82,151,2159,0.02,
536,1759,0.06,7.79,399.99,3.69,11.05,47764.09,-1118.38,596.25,-0.08,-17.62,99428,0,0.18,1939,11377168,1396.78,151,2158,0.02,
537,1761,0.07,7.63,399.99,3.69,11.05,47178.89,-1142.02,597.86,-0.08,-17.47,99328,0,0.2,1941,11377197,1398.88,150,2157,0.02,
538,1764,0.08,7.5,399.99,3.69,11.05,46590.55,-1133.45,599.47,-0.08,-17.31,99200,0,0.21,1943,11377233,1400.98,148,2156,0.03,
539,1766,0.09,7.4,399.99,3.69,11.04,46044.76,-1131.6,600.95,-0.08,-17.17,99062,0,0.23,1945,11377275,1402.93,147,2155,0.03,
540,1768,0.11,7.18,399.99,3.69,11.04,45462.97,-1163.49,602.54,-0.08,-17.02,98890,0,0.25,1947,11377328,1404.99,146,2153,0.03,
541,1770,0.12,7.09,399.99,3.69,11.04,44940.31,-1135.92,603.96,-0.08,-16.88,98705,0,0.26,1949,11377382,1406.78,145,2152,0.04,
542,1772,0.12,7.13,399.99,3.7,11.03,44376.42,-1113.98,605.48,-0.08,-16.74,98508,0,0.28,1950,11377446,1408.75,145,2152,0.04,
543,1774,0.11,7.19,399.99,3.7,11.03,43798.78,-1089.97,607.05,-0.08,-16.59,98316,0,0.3,1952,11377520,1410.83,144,2151,0.04,
544,1776,0.11,7.25,399.99,3.7,11.03,43207.22,-1079.23,608.64,-0.07,-16.44,98133,0,0.32,1954,11377603,1413.01,143,2150,0.05,
545,1778,0.1,7.31,399.99,3.7,11.02,42624.89,-1022.89,610.21,-0.07,-16.29,97958,0,0.34,1956,11377692,1415.15,142,2149,0.05,
546,1781,0.09,7.35,399.99,3.7,11.02,42051.86,-998.78,611.75,-0.07,-16.14,97788,0,0.35,1958,11377787,1417.24,141,2148,0.06,
547,1783,0.09,7.38,399.98,3.7,11.02,41464.69,-969.93,613.32,-0.07,-15.99,97613,0,0.36,1960,11377892,1419.35,140,2147,0.06,
548,1785,0.09,7.42,399.98,3.7,11.01,40875,-1001.03,614.89,-0.07,-15.84,97438,0,0.37,1962,11378005,1421.45,139,2146,0.07,
549,1787,0.08,7.47,399.98,3.7,11.01,40270.88,-1042.08,616.5,-0.07,-15.69,97262,0,0.37,1964,11378128,1423.6,138,2145,0.08,
550,1789,0.08,7.56,399.98,3.7,11.01,39687.88,-1080.34,618.05,-0.07,-15.54,97104,0,0.37,1966,11378255,1425.71,137,2144,0.08,
551,1791,0.07,7.68,399.98,3.71,11,39090.29,-1094.22,619.64,-0.07,-15.39,96962,0,0.37,1968,11378392,1427.93,136,2143,0.09,
552,1794,0.06,7.82,399.97,3.71,11,38489.9,-1071.63,621.22,-0.07,-15.24,96849,0,0.37,1970,11378537,1430.26,135,2141,0.1,
553,1796,0.05,7.82,399.97,3.71,10.99,37874.56,-1050.39,622.85,-0.07,-15.08,96755,0,0.37,1972,11378694,1432.8,134,2140,0.11,
554,1799,0.04,7.9,399.97,3.71,10.99,37280.69,-1015.65,624.41,-0.06,-14.93,96682,0,0.38,1975,11378853,1435.4,133,2139,0.12,
555,1801,0.04,7.95,399.97,3.71,10.99,36671.96,-1012.28,626,-0.06,-14.78,96611,0,0.38,1977,11379024,1438.04,132,2138,0.13,
556,1804,0.08,7.9,399.96,3.71,10.98,36060.35,-999.51,627.6,-0.06,-14.63,96496,0,0.39,1979,11379203,1440.36,131,2137,0.15,
557,1805,0.15,7.82,399.96,3.71,10.98,35433.61,-970.8,629.23,-0.06,-14.47,96296,0,0.4,1981,11379394,1442.29,130,2136,0.16,
558,1807,0.23,7.8,399.95,3.71,10.98,34828.86,-992.04,630.8,-0.06,-14.32,96011,0,0.43,1982,11379586,1443.61,129,2135,0.18,
559,1807,0.31,7.9,399.95,3.71,10.98,34196.87,-1021.53,632.44,-0.06,-14.16,95618,0,0.48,1982,11379795,1444.41,129,2134,0.2,
560,1808,0.36,8.07,399.94,3.72,10.97,33574.85,-1046.3,634.05,-0.06,-14.01,95165,0,0.54,1982,11380008,1444.74,128,2133,0.22,
561,1808,0.35,8.15,399.94,3.72,10.97,32962.96,-1090.76,635.62,-0.06,-13.86,94724,0,0.6,1982,11380225,1444.99,128,2133,0.24,
562,1808,0.27,8.11,399.93,3.72,10.97,32336.13,-1081.43,637.23,-0.05,-13.71,94343,0,0.64,1982,11380454,1445.62,127,2132,0.27,
563,1809,0.19,8.08,399.93,3.72,10.97,31706.63,-1057.28,638.84,-0.05,-13.55,94056,0,0.66,1983,11380694,1446.88,127,2131,0.3,
564,1811,0.15,8.1,399.92,3.72,10.97,31074.26,-1033.59,640.45,-0.05,-13.4,93838,0,0.68,1984,11380941,1448.63,126,2130,0.33,
565,1813,0.17,8.11,399.91,3.72,10.96,30438.91,-1031.94,642.07,-0.05,-13.24,93619,0,0.69,1986,11381197,1450.42,125,2129,0.37,
566,1813,0.27,8.23,399.9,3.72,10.96,29787.86,-1007.35,643.71,-0.05,-13.09,93293,0,0.71,1986,11381468,1451.54,125,2128,0.42,
567,1813,0.43,8.54,399.88,3.72,10.96,29159.68,-929.96,645.3,-0.04,-12.94,92793,0,0.74,1986,11381736,1451.36,124,2126,0.46,
568,1811,0.58,8.84,399.87,3.72,10.96,28516.42,-840.2,646.92,-0.04,-12.78,92066,0,0.8,1984,11382019,1449.9,124,2125,0.52,
569,1809,0.55,8.4,399.85,3.72,10.95,27845.44,-400.97,648.6,-0.04,-12.62,91199,0,0.87,1981,11382321,1448.04,123,2124,0.59,
570,1808,0.41,7.92,399.84,3.72,10.95,27224.33,79.39,650.15,-0.04,-12.47,90515,0,0.91,1980,11382609,1447.21,122,2123,0.66,
571,1808,0.3,7.91,399.82,3.72,10.95,26575.17,297.2,651.76,-0.03,-12.32,89997,0,0.93,1980,11382917,1447.51,122,2121,0.74,
572,1808,0.33,8.04,399.79,3.72,10.95,25910.4,361.71,653.41,-0.03,-12.16,89510,0,0.95,1980,11383240,1448,121,2119,0.84,
573,1807,0.54,8.67,399.76,3.72,10.95,25269.34,169.72,654.99,-0.03,-12.01,88837,0,0.97,1978,11383559,1447.04,121,2118,0.94,
574,1803,0.86,10.35,399.73,3.72,10.94,24600.23,168.71,656.64,-0.02,-11.85,87754,0,1.02,1974,11383899,1443.27,120,2116,1.06,
575,1798,0.94,10.24,399.7,3.72,10.94,23943.14,-22.57,658.25,-0.02,-11.7,86401,0,1.09,1968,11384241,1438,119,2113,1.2,
576,1793,0.71,8.55,399.66,3.72,10.94,23285.32,291.62,659.86,-0.02,-11.55,85185,0,1.15,1963,11384591,1434.1,119,2111,1.36,
577,1791,0.5,7.7,399.62,3.72,10.94,22626.43,144.92,661.46,-0.01,-11.39,84298,0,1.16,1961,11384948,1432.46,118,2108,1.54,
578,1788,0.84,8.41,399.57,3.72,10.93,21979.84,-17.59,663.03,-0.01,-11.24,83116,0,1.17,1957,11385304,1429.16,117,2105,1.74,
579,1777,1.88,15.72,399.52,3.73,10.26,21308.03,25.52,664.67,-0.01,-11.09,80668,0,1.16,1947,11385682,1419.07,117,2508,1.98,
580,1750,3.73,32.05,399.44,3.97,10.25,20658.2,125.63,666.25,0,-10.94,75360,0,1.21,1919,11386051,1391.8,123,2504,2.24,
581,1712,4.61,40.13,399.37,3.97,10.25,20027.5,106.86,667.81,0,-10.79,68220,0,1.41,1881,11386412,1353.26,123,2499,2.53,
582,1677,3.76,32.96,399.29,3.97,10.25,19417.78,355.39,669.34,0,-10.64,62977,0,1.57,1847,11386763,1319.1,122,2494,2.84,
583,1640,4.72,41.57,399.22,3.97,10.25,18837.78,29.05,670.81,0.01,-10.5,57853,0,1.67,1810,11387098,1282.13,121,2489,3.17,
584,1594,5.14,45.52,399.12,3.97,10.25,18258.2,-23.39,672.31,0.01,-10.36,51961,0,1.86,1764,11387433,1236.03,120,2483,3.55,
585,1553,4.82,42.91,399.02,3.97,10.24,17724.83,-84.18,673.71,0.02,-10.22,47549,0,2.01,1723,11387741,1194.39,120,2477,3.94,
586,1505,5.7,50.99,398.92,3.97,10.24,17203.88,-199.58,675.11,0.02,-10.09,42911,0,2.19,1675,11388043,1146.37,119,2471,4.36,
587,1456,5.43,48.71,398.8,3.97,10.24,16709.75,-265.52,676.46,0.03,-9.96,38780,0,2.34,1626,11388329,1096.99,118,2464,4.8,
588,1407,5.65,50.76,398.69,3.97,10.24,16240.88,-324.52,677.78,0.04,-9.83,35231,0,2.47,1578,11388599,1047.84,118,2456,5.26,
589,1356,5.77,51.85,398.57,3.97,10.23,15798.3,-334.29,679.05,0.04,-9.71,31907,0,2.63,1527,11388853,996.42,117,2449,5.74,
590,1307,5.32,47.84,398.47,3.97,10.23,15381.02,-200.45,680.28,0.05,-9.6,29252,0,2.79,1479,11389091,948.06,117,2443,6.23,
591,1258,5.65,50.69,398.35,3.97,10.23,14987.34,-47.88,681.47,0.05,-9.48,26801,0,2.9,1430,11389313,898.76,116,2435,6.73,
592,1210,5.07,45.5,398.22,3.97,10.23,14610.39,-33.49,682.64,0.06,-9.37,24715,0,3.02,1382,11389525,850.65,115,2427,7.24,
593,1166,5.25,46.98,398.09,3.97,10.23,14268.84,39.37,683.72,0.07,-9.27,22997,0,3.15,1338,11389717,806,115,2420,7.75,
594,1121,4.91,43.9,397.96,3.97,10.22,13941.44,-91.07,684.79,0.07,-9.17,21413,0,3.27,1293,11389898,760.87,114,2412,8.26,
595,1079,4.64,41.37,397.84,3.97,10.22,13632.73,-113.78,685.82,0.08,-9.07,20164,0,3.29,1252,11390068,719.44,113,2404,8.78,
596,1038,4.71,41.84,397.71,3.97,10.22,13341.59,-256.53,686.81,0.09,-8.97,18973,0,3.36,1210,11390227,677.66,113,2396,9.3,
597,998,4.32,38.3,397.61,3.97,10.22,13067.51,-293.51,687.77,0.09,-8.88,17983,0,3.45,1171,11390376,638.55,112,2389,9.81,
598,960,4.24,37.54,397.49,3.97,10.22,12803.28,-283.12,688.71,0.1,-8.79,17112,0,3.45,1133,11390519,600.3,111,2381,10.33,
599,924,4.08,36.08,397.36,3.97,10.21,12558.56,-234.72,689.59,0.11,-8.71,16335,0,3.46,1097,11390650,563.7,111,2373,10.84,
600,890,3.86,34.05,397.24,3.97,10.21,12331.38,-208.87,690.43,0.11,-8.63,15685,0,3.51,1063,11390772,530.02,110,2366,11.34,
601,856,3.81,33.49,397.12,3.96,10.21,12111.26,-218.32,691.26,0.12,-8.55,15085,0,3.51,1030,11390889,496.52,109,2358,11.84,
602,824,3.6,31.58,397,3.96,10.21,11902.31,-267.04,692.05,0.12,-8.47,14552,0,3.46,998,11391001,464.34,109,2350,12.33,
603,793,3.41,29.87,396.88,3.96,10.21,11699.26,-295.61,692.84,0.13,-8.4,14083,0,3.45,967,11391109,433.66,108,2343,12.84,
604,764,3.37,29.39,396.78,3.96,10.2,11512.92,-245.98,693.56,0.13,-8.33,13664,0,3.43,938,11391208,404.88,107,2337,13.31,
605,736,3.19,27.83,396.67,3.96,10.2,11331.16,-233.77,694.27,0.14,-8.26,13280,0,3.39,910,11391305,376.77,107,2329,13.8,
606,708,3.05,26.57,396.55,3.96,10.2,11153.37,-209.33,694.97,0.14,-8.19,12934,0,3.33,882,11391400,349.67,106,2322,14.29,
607,682,2.98,25.75,396.44,3.96,10.2,10985.79,-216.27,695.63,0.15,-8.13,12618,0,3.27,856,11391491,324,106,2314,14.77,
608,658,2.85,24.58,396.33,3.96,10.2,10827.58,-246.65,696.26,0.15,-8.07,12334,0,3.23,832,11391577,300.06,105,2307,15.23,
609,634,2.74,23.64,396.22,3.96,10.19,10671.57,-282.59,696.87,0.16,-8.01,12072,0,3.15,808,11391663,276.76,104,2299,15.71,
610,611,2.64,22.68,396.1,3.96,10.19,10520.35,-312.37,697.46,0.16,-7.96,11830,0,3.04,785,11391746,254.56,104,2292,16.18,
611,589,2.55,21.82,396.01,3.96,10.19,10370.53,-339.04,698.04,0.17,-7.9,11599,0,2.94,762,11391830,232.99,103,2286,16.66,
612,567,2.77,26.31,395.9,3.96,10.19,10229.67,-355.73,698.58,0.17,-7.85,11451,0,2.89,740,11391911,212.67,102,2279,17.13,
613,527,5.05,47.85,395.78,3.96,10.18,10087.93,-368.86,699.1,0.17,-7.8,11255,0,2.84,700,11391994,177.73,101,2270,17.63,
614,468,6.55,62.16,395.67,3.96,10.18,9950.1,-384.68,699.57,0.17,-7.75,10964,0,2.74,640,11392079,127.69,100,2263,18.11,
615,417,4.76,44.7,395.56,3.96,10.18,9817.61,-416.16,699.98,0.18,-7.71,10719,0,2.64,589,11392164,94.6,99,2255,18.58,
616,385,3.28,30.32,395.45,3.96,10.17,9688.5,-441.29,700.36,0.18,-7.68,10552,0,2.57,556,11392248,86.06,99,2248,19.05,
617,354,3.77,34.91,395.34,3.96,10.17,9568.5,-462.22,700.7,0.18,-7.65,10389,0,2.49,524,11392328,89.32,97,2240,19.51,
618,317,4.06,37.33,395.25,3.96,10.17,9449.95,-503.78,701.01,0.18,-7.62,10196,0,2.39,486,11392409,104.32,96,2234,19.98,
619,289,2.71,24.37,395.15,3.96,10.17,9334.05,-540.95,701.28,0.19,-7.59,10040,0,2.3,458,11392491,123.41,96,2227,20.43,
620,277,1.27,11.86,395.04,3.96,10.16,9216.97,-573.28,701.53,0.19,-7.57,9953,0,2.25,444,11392575,136.7,95,2219,20.9,
621,275,0.44,8.09,394.93,3.96,10.16,9095.68,-595.06,701.78,0.19,-7.54,9914,0,2.24,441,11392665,144.85,94,2212,21.39,
622,273,0.71,8.37,394.81,3.96,10.16,8968.51,-610.58,702.02,0.19,-7.52,9872,0,2.23,438,11392761,152.7,94,2203,21.93,
623,269,0.95,9.24,394.68,3.96,10.16,8836.65,-632.27,702.25,0.19,-7.5,9806,0,2.19,432,11392864,161.68,93,2195,22.5,
624,265,0.9,8.95,394.57,3.96,10.15,8700.77,-644.09,702.47,0.19,-7.48,9737,0,2.16,426,11392970,170.78,92,2187,23.11,
625,262,0.71,8.06,394.42,3.96,10.15,8560.39,-656.53,702.69,0.2,-7.46,9674,0,2.14,422,11393082,179.08,91,2176,23.75,
626,262,0.51,7.64,394.27,3.96,10.15,8414.61,-671.56,702.91,0.2,-7.44,9623,0,2.14,420,11393200,186.43,90,2166,24.43,
627,263,0.41,7.7,394.1,3.96,10.14,8262.53,-681.29,703.12,0.2,-7.42,9582,0,2.15,419,11393325,193.28,89,2154,25.17,
628,262,0.8,7.64,393.92,3.96,10.14,8104.27,-680.65,703.32,0.2,-7.4,9510,0,2.14,416,11393456,200.75,87,2142,25.95,
629,258,1.09,8.42,393.73,3.96,10.14,7941.76,-677.57,703.52,0.2,-7.38,9396,0,2.12,411,11393592,208.65,87,2130,26.77,
630,253,1.18,8.73,393.54,3.96,10.13,7776.55,-676.72,703.72,0.2,-7.36,9258,0,2.09,404,11393732,216.57,86,2117,27.62,
631,248,1.07,7.84,393.38,3.96,10.13,7609.08,-677.73,703.9,0.2,-7.34,9122,0,2.06,397,11393875,224.16,85,2107,28.5,
632,246,0.84,6.72,393.17,3.96,10.13,7438.96,-687.16,704.08,0.2,-7.32,9006,0,2.04,393,11394022,231.12,85,2093,29.42,
633,246,0.61,6.39,392.96,3.96,10.13,7265.17,-702.08,704.25,0.21,-7.31,8915,0,2.02,391,11394172,237.48,84,2079,30.38,
634,248,0.49,6.53,392.73,3.95,10.13,7086.6,-703.79,704.42,0.21,-7.29,8840,0,2.02,391,11394328,243.49,83,2064,31.4,
635,250,0.5,6.4,392.49,3.95,10.12,6902.66,-710.8,704.58,0.21,-7.28,8767,0,2.01,391,11394489,249.37,83,2048,32.48,
636,251,0.65,5.92,392.23,3.95,10.12,6713.67,-726.48,704.75,0.21,-7.26,8673,0,2,390,11394656,255.24,82,2031,33.63,
637,251,0.89,5.86,391.96,3.95,10.12,6520.86,-732.37,704.9,0.21,-7.24,8541,0,1.98,387,11394827,261.07,81,2014,34.83,
638,248,1.11,6.49,391.73,3.95,10.12,6325.92,-743.08,705.06,0.21,-7.23,8368,0,1.95,383,11395001,266.77,81,1999,36.08,
639,244,1.18,6.69,391.44,3.94,10.12,6130.12,-750.56,705.21,0.21,-7.22,8171,0,1.92,377,11395176,272.31,80,1980,37.37,
640,241,1.08,5.94,391.14,3.94,10.11,5933.82,-758.63,705.35,0.21,-7.2,7981,0,1.89,372,11395353,277.66,79,1961,38.69,
641,240,0.88,5.13,390.83,3.94,10.11,5736.35,-769.75,705.48,0.21,-7.19,7819,0,1.86,369,11395531,282.83,79,1941,40.07,
642,240,0.69,5.06,390.51,3.94,10.11,5536.45,-771.9,705.61,0.21,-7.18,7686,0,1.84,368,11395712,287.88,78,1920,41.5,
643,242,0.6,5.27,390.16,3.93,10.11,5332.9,-772.2,705.74,0.22,-7.17,7572,0,1.83,367,11395896,292.89,77,1898,43,
644,244,0.63,5.06,389.8,3.93,10.11,5125.21,-783.19,705.87,0.22,-7.15,7456,0,1.82,368,11396086,297.78,77,1875,44.57,
645,246,0.77,4.53,389.5,3.93,10.1,4913.84,-794.47,705.99,0.22,-7.14,7315,0,1.8,367,11396279,302.46,76,1856,46.23,
646,245,0.98,4.5,389.1,3.93,10.1,4700.13,-799.94,706.11,0.22,-7.13,7133,0,1.78,364,11396476,306.79,75,1831,47.95,
647,243,1.14,4.98,388.69,3.92,10.1,4485.67,-806.14,706.22,0.22,-7.12,6914,0,1.74,360,11396673,310.75,75,1805,49.73,
648,240,1.16,4.93,388.26,3.92,10.1,4267.22,-810.53,706.33,0.22,-7.11,6676,0,1.71,356,11396874,314.55,74,1778,51.6,
649,238,1.05,4.26,387.82,3.92,10.09,4057.65,-813.63,706.44,0.22,-7.1,6462,0,1.68,352,11397068,318.17,73,1751,53.44,
650,237,0.88,3.8,387.35,3.91,10.09,3838.96,-814.52,706.54,0.22,-7.09,6269,0,1.65,350,11397270,322.04,73,1723,55.42,
651,238,0.76,3.9,386.87,3.91,10.09,3627.11,-814.59,706.64,0.22,-7.08,6109,0,1.63,350,11397466,325.86,72,1694,57.39,
652,240,0.72,3.95,386.46,3.9,10.09,3408.32,-818.57,706.73,0.22,-7.07,5955,0,1.61,349,11397670,329.77,71,1670,59.49,
653,241,0.79,3.6,385.91,3.9,10.09,3186.82,-820.37,706.83,0.22,-7.06,5791,0,1.6,349,11397876,333.51,71,1638,61.68,
654,242,0.94,3.32,385.35,3.9,10.08,2963.36,-825.59,706.92,0.22,-7.05,5598,0,1.57,348,11398085,336.88,70,1606,63.96,
655,240,1.09,3.61,384.74,3.89,10.08,2739.23,-825.8,707.01,0.23,-7.04,5370,0,1.54,345,11398294,339.81,69,1571,66.31,
656,238,1.16,3.85,384.12,3.88,10.08,2515.58,-827.39,707.09,0.23,-7.04,5122,0,1.51,342,11398504,342.41,68,1537,68.73,
657,236,1.11,3.5,383.45,3.88,10.08,2292.82,-831.46,707.17,0.23,-7.03,4875,0,1.48,338,11398713,344.93,68,1501,71.2,
658,235,1,2.96,382.77,3.87,10.08,2070.5,-835.56,707.25,0.23,-7.02,4650,0,1.45,336,11398921,347.58,67,1464,73.74,
659,235,0.89,2.83,382.19,3.87,10.07,1847.68,-840.17,707.32,0.23,-7.01,4449,0,1.42,335,11399130,350.41,66,1434,76.36,
660,236,0.84,2.87,381.41,3.86,10.07,1623.51,-844.97,707.39,0.23,-7.01,4262,0,1.4,334,11399341,353.35,66,1395,79.07,
661,237,0.87,2.68,380.6,3.85,10.07,1397.71,-849.1,707.46,0.23,-7,4071,0,1.38,334,11399554,356.18,65,1355,81.89,
662,237,0.99,2.53,379.72,3.84,10.07,1170.78,-855.17,707.53,0.23,-6.99,3858,0,1.36,332,11399768,358.67,64,1313,84.79,
663,236,1.12,2.9,378.8,3.84,10.07,943.77,-861.96,707.6,0.23,-6.99,3615,0,1.33,330,11399983,360.71,63,1270,87.78,
664,234,1.2,3.33,377.81,3.83,10.06,717.81,-862.25,707.66,0.23,-6.98,3351,0,1.29,327,11400196,362.38,63,1226,90.85,
665,231,1.19,3.18,376.78,3.82,10.06,493.47,-863.34,707.72,0.23,-6.98,3085,0,1.26,324,11400409,363.91,62,1181,93.97,
666,230,1.11,2.59,375.91,3.81,10.06,270.55,-867.49,707.78,0.23,-6.97,2834,0,1.23,321,11400620,365.56,61,1145,97.16,
667,229,1.01,2.13,374.74,3.8,10.06,48.27,-871.94,707.84,0.23,-6.97,2605,0,1.2,319,11400831,367.43,60,1097,100.43,
